--
-- PostgreSQL database dump
--

\restrict nHLw4w3TjEY6osC7lNbquBXCDHG5Zl8U7cMAIJ4njnQtiEAz1XXr86L8aqnJs1O

-- Dumped from database version 17.6 (Debian 17.6-1.pgdg12+1)
-- Dumped by pg_dump version 17.6

-- Started on 2025-10-14 12:59:02

SET statement_timeout = 0;
SET lock_timeout = 0;
SET idle_in_transaction_session_timeout = 0;
SET transaction_timeout = 0;
SET client_encoding = 'UTF8';
SET standard_conforming_strings = on;
SELECT pg_catalog.set_config('search_path', '', false);
SET check_function_bodies = false;
SET xmloption = content;
SET client_min_messages = warning;
SET row_security = off;

--
-- TOC entry 5 (class 2615 OID 2200)
-- Name: public; Type: SCHEMA; Schema: -; Owner: ecuacion_wtpx_user
--

-- *not* creating schema, since initdb creates it


ALTER SCHEMA public OWNER TO ecuacion_wtpx_user;

SET default_tablespace = '';

SET default_table_access_method = heap;

--
-- TOC entry 224 (class 1259 OID 16421)
-- Name: auth_group; Type: TABLE; Schema: public; Owner: ecuacion_wtpx_user
--

CREATE TABLE public.auth_group (
    id integer NOT NULL,
    name character varying(150) NOT NULL
);


ALTER TABLE public.auth_group OWNER TO ecuacion_wtpx_user;

--
-- TOC entry 223 (class 1259 OID 16420)
-- Name: auth_group_id_seq; Type: SEQUENCE; Schema: public; Owner: ecuacion_wtpx_user
--

ALTER TABLE public.auth_group ALTER COLUMN id ADD GENERATED BY DEFAULT AS IDENTITY (
    SEQUENCE NAME public.auth_group_id_seq
    START WITH 1
    INCREMENT BY 1
    NO MINVALUE
    NO MAXVALUE
    CACHE 1
);


--
-- TOC entry 226 (class 1259 OID 16429)
-- Name: auth_group_permissions; Type: TABLE; Schema: public; Owner: ecuacion_wtpx_user
--

CREATE TABLE public.auth_group_permissions (
    id bigint NOT NULL,
    group_id integer NOT NULL,
    permission_id integer NOT NULL
);


ALTER TABLE public.auth_group_permissions OWNER TO ecuacion_wtpx_user;

--
-- TOC entry 225 (class 1259 OID 16428)
-- Name: auth_group_permissions_id_seq; Type: SEQUENCE; Schema: public; Owner: ecuacion_wtpx_user
--

ALTER TABLE public.auth_group_permissions ALTER COLUMN id ADD GENERATED BY DEFAULT AS IDENTITY (
    SEQUENCE NAME public.auth_group_permissions_id_seq
    START WITH 1
    INCREMENT BY 1
    NO MINVALUE
    NO MAXVALUE
    CACHE 1
);


--
-- TOC entry 222 (class 1259 OID 16415)
-- Name: auth_permission; Type: TABLE; Schema: public; Owner: ecuacion_wtpx_user
--

CREATE TABLE public.auth_permission (
    id integer NOT NULL,
    name character varying(255) NOT NULL,
    content_type_id integer NOT NULL,
    codename character varying(100) NOT NULL
);


ALTER TABLE public.auth_permission OWNER TO ecuacion_wtpx_user;

--
-- TOC entry 221 (class 1259 OID 16414)
-- Name: auth_permission_id_seq; Type: SEQUENCE; Schema: public; Owner: ecuacion_wtpx_user
--

ALTER TABLE public.auth_permission ALTER COLUMN id ADD GENERATED BY DEFAULT AS IDENTITY (
    SEQUENCE NAME public.auth_permission_id_seq
    START WITH 1
    INCREMENT BY 1
    NO MINVALUE
    NO MAXVALUE
    CACHE 1
);


--
-- TOC entry 228 (class 1259 OID 16435)
-- Name: auth_user; Type: TABLE; Schema: public; Owner: ecuacion_wtpx_user
--

CREATE TABLE public.auth_user (
    id integer NOT NULL,
    password character varying(128) NOT NULL,
    last_login timestamp with time zone,
    is_superuser boolean NOT NULL,
    username character varying(150) NOT NULL,
    first_name character varying(150) NOT NULL,
    last_name character varying(150) NOT NULL,
    email character varying(254) NOT NULL,
    is_staff boolean NOT NULL,
    is_active boolean NOT NULL,
    date_joined timestamp with time zone NOT NULL
);


ALTER TABLE public.auth_user OWNER TO ecuacion_wtpx_user;

--
-- TOC entry 230 (class 1259 OID 16443)
-- Name: auth_user_groups; Type: TABLE; Schema: public; Owner: ecuacion_wtpx_user
--

CREATE TABLE public.auth_user_groups (
    id bigint NOT NULL,
    user_id integer NOT NULL,
    group_id integer NOT NULL
);


ALTER TABLE public.auth_user_groups OWNER TO ecuacion_wtpx_user;

--
-- TOC entry 229 (class 1259 OID 16442)
-- Name: auth_user_groups_id_seq; Type: SEQUENCE; Schema: public; Owner: ecuacion_wtpx_user
--

ALTER TABLE public.auth_user_groups ALTER COLUMN id ADD GENERATED BY DEFAULT AS IDENTITY (
    SEQUENCE NAME public.auth_user_groups_id_seq
    START WITH 1
    INCREMENT BY 1
    NO MINVALUE
    NO MAXVALUE
    CACHE 1
);


--
-- TOC entry 227 (class 1259 OID 16434)
-- Name: auth_user_id_seq; Type: SEQUENCE; Schema: public; Owner: ecuacion_wtpx_user
--

ALTER TABLE public.auth_user ALTER COLUMN id ADD GENERATED BY DEFAULT AS IDENTITY (
    SEQUENCE NAME public.auth_user_id_seq
    START WITH 1
    INCREMENT BY 1
    NO MINVALUE
    NO MAXVALUE
    CACHE 1
);


--
-- TOC entry 232 (class 1259 OID 16449)
-- Name: auth_user_user_permissions; Type: TABLE; Schema: public; Owner: ecuacion_wtpx_user
--

CREATE TABLE public.auth_user_user_permissions (
    id bigint NOT NULL,
    user_id integer NOT NULL,
    permission_id integer NOT NULL
);


ALTER TABLE public.auth_user_user_permissions OWNER TO ecuacion_wtpx_user;

--
-- TOC entry 231 (class 1259 OID 16448)
-- Name: auth_user_user_permissions_id_seq; Type: SEQUENCE; Schema: public; Owner: ecuacion_wtpx_user
--

ALTER TABLE public.auth_user_user_permissions ALTER COLUMN id ADD GENERATED BY DEFAULT AS IDENTITY (
    SEQUENCE NAME public.auth_user_user_permissions_id_seq
    START WITH 1
    INCREMENT BY 1
    NO MINVALUE
    NO MAXVALUE
    CACHE 1
);


--
-- TOC entry 234 (class 1259 OID 16507)
-- Name: django_admin_log; Type: TABLE; Schema: public; Owner: ecuacion_wtpx_user
--

CREATE TABLE public.django_admin_log (
    id integer NOT NULL,
    action_time timestamp with time zone NOT NULL,
    object_id text,
    object_repr character varying(200) NOT NULL,
    action_flag smallint NOT NULL,
    change_message text NOT NULL,
    content_type_id integer,
    user_id integer NOT NULL,
    CONSTRAINT django_admin_log_action_flag_check CHECK ((action_flag >= 0))
);


ALTER TABLE public.django_admin_log OWNER TO ecuacion_wtpx_user;

--
-- TOC entry 233 (class 1259 OID 16506)
-- Name: django_admin_log_id_seq; Type: SEQUENCE; Schema: public; Owner: ecuacion_wtpx_user
--

ALTER TABLE public.django_admin_log ALTER COLUMN id ADD GENERATED BY DEFAULT AS IDENTITY (
    SEQUENCE NAME public.django_admin_log_id_seq
    START WITH 1
    INCREMENT BY 1
    NO MINVALUE
    NO MAXVALUE
    CACHE 1
);


--
-- TOC entry 220 (class 1259 OID 16407)
-- Name: django_content_type; Type: TABLE; Schema: public; Owner: ecuacion_wtpx_user
--

CREATE TABLE public.django_content_type (
    id integer NOT NULL,
    app_label character varying(100) NOT NULL,
    model character varying(100) NOT NULL
);


ALTER TABLE public.django_content_type OWNER TO ecuacion_wtpx_user;

--
-- TOC entry 219 (class 1259 OID 16406)
-- Name: django_content_type_id_seq; Type: SEQUENCE; Schema: public; Owner: ecuacion_wtpx_user
--

ALTER TABLE public.django_content_type ALTER COLUMN id ADD GENERATED BY DEFAULT AS IDENTITY (
    SEQUENCE NAME public.django_content_type_id_seq
    START WITH 1
    INCREMENT BY 1
    NO MINVALUE
    NO MAXVALUE
    CACHE 1
);


--
-- TOC entry 218 (class 1259 OID 16399)
-- Name: django_migrations; Type: TABLE; Schema: public; Owner: ecuacion_wtpx_user
--

CREATE TABLE public.django_migrations (
    id bigint NOT NULL,
    app character varying(255) NOT NULL,
    name character varying(255) NOT NULL,
    applied timestamp with time zone NOT NULL
);


ALTER TABLE public.django_migrations OWNER TO ecuacion_wtpx_user;

--
-- TOC entry 217 (class 1259 OID 16398)
-- Name: django_migrations_id_seq; Type: SEQUENCE; Schema: public; Owner: ecuacion_wtpx_user
--

ALTER TABLE public.django_migrations ALTER COLUMN id ADD GENERATED BY DEFAULT AS IDENTITY (
    SEQUENCE NAME public.django_migrations_id_seq
    START WITH 1
    INCREMENT BY 1
    NO MINVALUE
    NO MAXVALUE
    CACHE 1
);


--
-- TOC entry 241 (class 1259 OID 16582)
-- Name: django_session; Type: TABLE; Schema: public; Owner: ecuacion_wtpx_user
--

CREATE TABLE public.django_session (
    session_key character varying(40) NOT NULL,
    session_data text NOT NULL,
    expire_date timestamp with time zone NOT NULL
);


ALTER TABLE public.django_session OWNER TO ecuacion_wtpx_user;

--
-- TOC entry 236 (class 1259 OID 16536)
-- Name: otp_static_staticdevice; Type: TABLE; Schema: public; Owner: ecuacion_wtpx_user
--

CREATE TABLE public.otp_static_staticdevice (
    id integer NOT NULL,
    name character varying(64) NOT NULL,
    confirmed boolean NOT NULL,
    user_id integer NOT NULL,
    throttling_failure_count integer NOT NULL,
    throttling_failure_timestamp timestamp with time zone,
    created_at timestamp with time zone,
    last_used_at timestamp with time zone,
    CONSTRAINT otp_static_staticdevice_throttling_failure_count_check CHECK ((throttling_failure_count >= 0))
);


ALTER TABLE public.otp_static_staticdevice OWNER TO ecuacion_wtpx_user;

--
-- TOC entry 235 (class 1259 OID 16535)
-- Name: otp_static_staticdevice_id_seq; Type: SEQUENCE; Schema: public; Owner: ecuacion_wtpx_user
--

ALTER TABLE public.otp_static_staticdevice ALTER COLUMN id ADD GENERATED BY DEFAULT AS IDENTITY (
    SEQUENCE NAME public.otp_static_staticdevice_id_seq
    START WITH 1
    INCREMENT BY 1
    NO MINVALUE
    NO MAXVALUE
    CACHE 1
);


--
-- TOC entry 238 (class 1259 OID 16542)
-- Name: otp_static_statictoken; Type: TABLE; Schema: public; Owner: ecuacion_wtpx_user
--

CREATE TABLE public.otp_static_statictoken (
    id integer NOT NULL,
    token character varying(16) NOT NULL,
    device_id integer NOT NULL
);


ALTER TABLE public.otp_static_statictoken OWNER TO ecuacion_wtpx_user;

--
-- TOC entry 237 (class 1259 OID 16541)
-- Name: otp_static_statictoken_id_seq; Type: SEQUENCE; Schema: public; Owner: ecuacion_wtpx_user
--

ALTER TABLE public.otp_static_statictoken ALTER COLUMN id ADD GENERATED BY DEFAULT AS IDENTITY (
    SEQUENCE NAME public.otp_static_statictoken_id_seq
    START WITH 1
    INCREMENT BY 1
    NO MINVALUE
    NO MAXVALUE
    CACHE 1
);


--
-- TOC entry 240 (class 1259 OID 16565)
-- Name: otp_totp_totpdevice; Type: TABLE; Schema: public; Owner: ecuacion_wtpx_user
--

CREATE TABLE public.otp_totp_totpdevice (
    id integer NOT NULL,
    name character varying(64) NOT NULL,
    confirmed boolean NOT NULL,
    key character varying(80) NOT NULL,
    step smallint NOT NULL,
    t0 bigint NOT NULL,
    digits smallint NOT NULL,
    tolerance smallint NOT NULL,
    drift smallint NOT NULL,
    last_t bigint NOT NULL,
    user_id integer NOT NULL,
    throttling_failure_count integer NOT NULL,
    throttling_failure_timestamp timestamp with time zone,
    created_at timestamp with time zone,
    last_used_at timestamp with time zone,
    CONSTRAINT otp_totp_totpdevice_digits_check CHECK ((digits >= 0)),
    CONSTRAINT otp_totp_totpdevice_step_check CHECK ((step >= 0)),
    CONSTRAINT otp_totp_totpdevice_throttling_failure_count_check CHECK ((throttling_failure_count >= 0)),
    CONSTRAINT otp_totp_totpdevice_tolerance_check CHECK ((tolerance >= 0))
);


ALTER TABLE public.otp_totp_totpdevice OWNER TO ecuacion_wtpx_user;

--
-- TOC entry 239 (class 1259 OID 16564)
-- Name: otp_totp_totpdevice_id_seq; Type: SEQUENCE; Schema: public; Owner: ecuacion_wtpx_user
--

ALTER TABLE public.otp_totp_totpdevice ALTER COLUMN id ADD GENERATED BY DEFAULT AS IDENTITY (
    SEQUENCE NAME public.otp_totp_totpdevice_id_seq
    START WITH 1
    INCREMENT BY 1
    NO MINVALUE
    NO MAXVALUE
    CACHE 1
);


--
-- TOC entry 243 (class 1259 OID 16592)
-- Name: users_atacante; Type: TABLE; Schema: public; Owner: ecuacion_wtpx_user
--

CREATE TABLE public.users_atacante (
    id bigint NOT NULL,
    ip inet NOT NULL,
    user_agent text,
    payload text,
    tipos text NOT NULL,
    descripcion text NOT NULL,
    fecha timestamp with time zone NOT NULL,
    bloqueado boolean NOT NULL,
    url text
);


ALTER TABLE public.users_atacante OWNER TO ecuacion_wtpx_user;

--
-- TOC entry 242 (class 1259 OID 16591)
-- Name: users_atacante_id_seq; Type: SEQUENCE; Schema: public; Owner: ecuacion_wtpx_user
--

ALTER TABLE public.users_atacante ALTER COLUMN id ADD GENERATED BY DEFAULT AS IDENTITY (
    SEQUENCE NAME public.users_atacante_id_seq
    START WITH 1
    INCREMENT BY 1
    NO MINVALUE
    NO MAXVALUE
    CACHE 1
);


--
-- TOC entry 273 (class 1259 OID 16869)
-- Name: users_auditoriaevento; Type: TABLE; Schema: public; Owner: ecuacion_wtpx_user
--

CREATE TABLE public.users_auditoriaevento (
    id bigint NOT NULL,
    fecha timestamp with time zone NOT NULL,
    tipo character varying(50) NOT NULL,
    descripcion text,
    severidad character varying(20) NOT NULL,
    ip_cliente inet,
    navegador text,
    sistema_operativo text,
    ruta text,
    parametros jsonb,
    extra jsonb,
    bloqueado boolean NOT NULL,
    url text,
    usuario_id integer
);


ALTER TABLE public.users_auditoriaevento OWNER TO ecuacion_wtpx_user;

--
-- TOC entry 272 (class 1259 OID 16868)
-- Name: users_auditoriaevento_id_seq; Type: SEQUENCE; Schema: public; Owner: ecuacion_wtpx_user
--

ALTER TABLE public.users_auditoriaevento ALTER COLUMN id ADD GENERATED BY DEFAULT AS IDENTITY (
    SEQUENCE NAME public.users_auditoriaevento_id_seq
    START WITH 1
    INCREMENT BY 1
    NO MINVALUE
    NO MAXVALUE
    CACHE 1
);


--
-- TOC entry 267 (class 1259 OID 16699)
-- Name: users_codigo2fa; Type: TABLE; Schema: public; Owner: ecuacion_wtpx_user
--

CREATE TABLE public.users_codigo2fa (
    id bigint NOT NULL,
    codigo character varying(6) NOT NULL,
    creado_en timestamp with time zone NOT NULL,
    expirado boolean NOT NULL,
    usuario_id bigint NOT NULL
);


ALTER TABLE public.users_codigo2fa OWNER TO ecuacion_wtpx_user;

--
-- TOC entry 266 (class 1259 OID 16698)
-- Name: users_codigo2fa_id_seq; Type: SEQUENCE; Schema: public; Owner: ecuacion_wtpx_user
--

ALTER TABLE public.users_codigo2fa ALTER COLUMN id ADD GENERATED BY DEFAULT AS IDENTITY (
    SEQUENCE NAME public.users_codigo2fa_id_seq
    START WITH 1
    INCREMENT BY 1
    NO MINVALUE
    NO MAXVALUE
    CACHE 1
);


--
-- TOC entry 265 (class 1259 OID 16693)
-- Name: users_equipoherramienta; Type: TABLE; Schema: public; Owner: ecuacion_wtpx_user
--

CREATE TABLE public.users_equipoherramienta (
    id bigint NOT NULL,
    descripcion character varying(255) NOT NULL,
    unidad character varying(50) NOT NULL,
    cantidad numeric(10,2) NOT NULL,
    precio_unitario numeric(10,2) NOT NULL,
    total numeric(12,2) NOT NULL,
    fecha_creacion timestamp with time zone NOT NULL,
    fecha_actualizacion timestamp with time zone NOT NULL,
    creado_por_id bigint,
    id_gasto_operacion_id bigint NOT NULL,
    modificado_por_id bigint
);


ALTER TABLE public.users_equipoherramienta OWNER TO ecuacion_wtpx_user;

--
-- TOC entry 264 (class 1259 OID 16692)
-- Name: users_equipoherramienta_id_seq; Type: SEQUENCE; Schema: public; Owner: ecuacion_wtpx_user
--

ALTER TABLE public.users_equipoherramienta ALTER COLUMN id ADD GENERATED BY DEFAULT AS IDENTITY (
    SEQUENCE NAME public.users_equipoherramienta_id_seq
    START WITH 1
    INCREMENT BY 1
    NO MINVALUE
    NO MAXVALUE
    CACHE 1
);


--
-- TOC entry 245 (class 1259 OID 16601)
-- Name: users_gastooperacion; Type: TABLE; Schema: public; Owner: ecuacion_wtpx_user
--

CREATE TABLE public.users_gastooperacion (
    id bigint NOT NULL,
    descripcion character varying(255) NOT NULL,
    unidad character varying(50) NOT NULL,
    cantidad numeric(10,2) NOT NULL,
    precio_unitario numeric(10,2) NOT NULL,
    precio_literal character varying(255),
    costo_parcial numeric(12,2) NOT NULL,
    fecha_creacion timestamp with time zone NOT NULL,
    fecha_actualizacion timestamp with time zone NOT NULL,
    creado_por_id bigint,
    identificador_id integer NOT NULL,
    modificado_por_id bigint,
    modulo_id bigint
);


ALTER TABLE public.users_gastooperacion OWNER TO ecuacion_wtpx_user;

--
-- TOC entry 244 (class 1259 OID 16600)
-- Name: users_gastooperacion_id_seq; Type: SEQUENCE; Schema: public; Owner: ecuacion_wtpx_user
--

ALTER TABLE public.users_gastooperacion ALTER COLUMN id ADD GENERATED BY DEFAULT AS IDENTITY (
    SEQUENCE NAME public.users_gastooperacion_id_seq
    START WITH 1
    INCREMENT BY 1
    NO MINVALUE
    NO MAXVALUE
    CACHE 1
);


--
-- TOC entry 263 (class 1259 OID 16667)
-- Name: users_gastosgenerales; Type: TABLE; Schema: public; Owner: ecuacion_wtpx_user
--

CREATE TABLE public.users_gastosgenerales (
    id bigint NOT NULL,
    total numeric(12,2) NOT NULL,
    fecha_creacion timestamp with time zone NOT NULL,
    fecha_actualizacion timestamp with time zone NOT NULL,
    creado_por_id bigint,
    id_gasto_operacion_id bigint NOT NULL,
    modificado_por_id bigint
);


ALTER TABLE public.users_gastosgenerales OWNER TO ecuacion_wtpx_user;

--
-- TOC entry 262 (class 1259 OID 16666)
-- Name: users_gastosgenerales_id_seq; Type: SEQUENCE; Schema: public; Owner: ecuacion_wtpx_user
--

ALTER TABLE public.users_gastosgenerales ALTER COLUMN id ADD GENERATED BY DEFAULT AS IDENTITY (
    SEQUENCE NAME public.users_gastosgenerales_id_seq
    START WITH 1
    INCREMENT BY 1
    NO MINVALUE
    NO MAXVALUE
    CACHE 1
);


--
-- TOC entry 261 (class 1259 OID 16661)
-- Name: users_manodeobra; Type: TABLE; Schema: public; Owner: ecuacion_wtpx_user
--

CREATE TABLE public.users_manodeobra (
    id bigint NOT NULL,
    descripcion character varying(255) NOT NULL,
    unidad character varying(50) NOT NULL,
    cantidad numeric(10,2) NOT NULL,
    precio_unitario numeric(10,2) NOT NULL,
    total numeric(12,2) NOT NULL,
    fecha_creacion timestamp with time zone NOT NULL,
    fecha_actualizacion timestamp with time zone NOT NULL,
    creado_por_id bigint,
    id_gasto_operacion_id bigint NOT NULL,
    modificado_por_id bigint
);


ALTER TABLE public.users_manodeobra OWNER TO ecuacion_wtpx_user;

--
-- TOC entry 260 (class 1259 OID 16660)
-- Name: users_manodeobra_id_seq; Type: SEQUENCE; Schema: public; Owner: ecuacion_wtpx_user
--

ALTER TABLE public.users_manodeobra ALTER COLUMN id ADD GENERATED BY DEFAULT AS IDENTITY (
    SEQUENCE NAME public.users_manodeobra_id_seq
    START WITH 1
    INCREMENT BY 1
    NO MINVALUE
    NO MAXVALUE
    CACHE 1
);


--
-- TOC entry 259 (class 1259 OID 16655)
-- Name: users_materiales; Type: TABLE; Schema: public; Owner: ecuacion_wtpx_user
--

CREATE TABLE public.users_materiales (
    id bigint NOT NULL,
    descripcion character varying(255) NOT NULL,
    unidad character varying(50) NOT NULL,
    cantidad numeric(10,2) NOT NULL,
    precio_unitario numeric(10,2) NOT NULL,
    total numeric(12,2) NOT NULL,
    fecha_creacion timestamp with time zone NOT NULL,
    fecha_actualizacion timestamp with time zone NOT NULL,
    creado_por_id bigint,
    id_gasto_operacion_id bigint NOT NULL,
    modificado_por_id bigint
);


ALTER TABLE public.users_materiales OWNER TO ecuacion_wtpx_user;

--
-- TOC entry 258 (class 1259 OID 16654)
-- Name: users_materiales_id_seq; Type: SEQUENCE; Schema: public; Owner: ecuacion_wtpx_user
--

ALTER TABLE public.users_materiales ALTER COLUMN id ADD GENERATED BY DEFAULT AS IDENTITY (
    SEQUENCE NAME public.users_materiales_id_seq
    START WITH 1
    INCREMENT BY 1
    NO MINVALUE
    NO MAXVALUE
    CACHE 1
);


--
-- TOC entry 257 (class 1259 OID 16649)
-- Name: users_modulo; Type: TABLE; Schema: public; Owner: ecuacion_wtpx_user
--

CREATE TABLE public.users_modulo (
    id bigint NOT NULL,
    codigo character varying(50) NOT NULL,
    nombre character varying(255) NOT NULL,
    fecha_creacion timestamp with time zone NOT NULL,
    fecha_actualizacion timestamp with time zone NOT NULL,
    creado_por_id bigint,
    modificado_por_id bigint,
    proyecto_id integer NOT NULL
);


ALTER TABLE public.users_modulo OWNER TO ecuacion_wtpx_user;

--
-- TOC entry 256 (class 1259 OID 16648)
-- Name: users_modulo_id_seq; Type: SEQUENCE; Schema: public; Owner: ecuacion_wtpx_user
--

ALTER TABLE public.users_modulo ALTER COLUMN id ADD GENERATED BY DEFAULT AS IDENTITY (
    SEQUENCE NAME public.users_modulo_id_seq
    START WITH 1
    INCREMENT BY 1
    NO MINVALUE
    NO MAXVALUE
    CACHE 1
);


--
-- TOC entry 247 (class 1259 OID 16609)
-- Name: users_permiso; Type: TABLE; Schema: public; Owner: ecuacion_wtpx_user
--

CREATE TABLE public.users_permiso (
    id bigint NOT NULL,
    nombre character varying(100) NOT NULL,
    estado boolean NOT NULL
);


ALTER TABLE public.users_permiso OWNER TO ecuacion_wtpx_user;

--
-- TOC entry 246 (class 1259 OID 16608)
-- Name: users_permiso_id_seq; Type: SEQUENCE; Schema: public; Owner: ecuacion_wtpx_user
--

ALTER TABLE public.users_permiso ALTER COLUMN id ADD GENERATED BY DEFAULT AS IDENTITY (
    SEQUENCE NAME public.users_permiso_id_seq
    START WITH 1
    INCREMENT BY 1
    NO MINVALUE
    NO MAXVALUE
    CACHE 1
);


--
-- TOC entry 255 (class 1259 OID 16641)
-- Name: users_proyecto; Type: TABLE; Schema: public; Owner: ecuacion_wtpx_user
--

CREATE TABLE public.users_proyecto (
    id_general integer NOT NULL,
    "NombreProyecto" character varying(255) NOT NULL,
    carga_social numeric(5,2) NOT NULL,
    iva_efectiva numeric(5,2) NOT NULL,
    herramientas numeric(5,2) NOT NULL,
    gastos_generales numeric(5,2) NOT NULL,
    iva_tasa_nominal numeric(5,2) NOT NULL,
    it numeric(5,2) NOT NULL,
    iue numeric(5,2) NOT NULL,
    ganancia numeric(5,2) NOT NULL,
    a_costo_venta numeric(5,2) NOT NULL,
    b_margen_utilidad numeric(5,2) NOT NULL,
    porcentaje_global_100 numeric(5,2) NOT NULL,
    fecha_creacion timestamp with time zone NOT NULL,
    fecha_actualizacion timestamp with time zone NOT NULL,
    creado_por_id bigint,
    modificado_por_id bigint
);


ALTER TABLE public.users_proyecto OWNER TO ecuacion_wtpx_user;

--
-- TOC entry 254 (class 1259 OID 16640)
-- Name: users_proyecto_id_general_seq; Type: SEQUENCE; Schema: public; Owner: ecuacion_wtpx_user
--

ALTER TABLE public.users_proyecto ALTER COLUMN id_general ADD GENERATED BY DEFAULT AS IDENTITY (
    SEQUENCE NAME public.users_proyecto_id_general_seq
    START WITH 1
    INCREMENT BY 1
    NO MINVALUE
    NO MAXVALUE
    CACHE 1
);


--
-- TOC entry 249 (class 1259 OID 16615)
-- Name: users_rol; Type: TABLE; Schema: public; Owner: ecuacion_wtpx_user
--

CREATE TABLE public.users_rol (
    id bigint NOT NULL,
    nombre character varying(100) NOT NULL,
    estado boolean NOT NULL
);


ALTER TABLE public.users_rol OWNER TO ecuacion_wtpx_user;

--
-- TOC entry 248 (class 1259 OID 16614)
-- Name: users_rol_id_seq; Type: SEQUENCE; Schema: public; Owner: ecuacion_wtpx_user
--

ALTER TABLE public.users_rol ALTER COLUMN id ADD GENERATED BY DEFAULT AS IDENTITY (
    SEQUENCE NAME public.users_rol_id_seq
    START WITH 1
    INCREMENT BY 1
    NO MINVALUE
    NO MAXVALUE
    CACHE 1
);


--
-- TOC entry 271 (class 1259 OID 16711)
-- Name: users_rolpermiso; Type: TABLE; Schema: public; Owner: ecuacion_wtpx_user
--

CREATE TABLE public.users_rolpermiso (
    id bigint NOT NULL,
    permiso_id bigint NOT NULL,
    rol_id bigint NOT NULL
);


ALTER TABLE public.users_rolpermiso OWNER TO ecuacion_wtpx_user;

--
-- TOC entry 270 (class 1259 OID 16710)
-- Name: users_rolpermiso_id_seq; Type: SEQUENCE; Schema: public; Owner: ecuacion_wtpx_user
--

ALTER TABLE public.users_rolpermiso ALTER COLUMN id ADD GENERATED BY DEFAULT AS IDENTITY (
    SEQUENCE NAME public.users_rolpermiso_id_seq
    START WITH 1
    INCREMENT BY 1
    NO MINVALUE
    NO MAXVALUE
    CACHE 1
);


--
-- TOC entry 253 (class 1259 OID 16633)
-- Name: users_temppasswordreset; Type: TABLE; Schema: public; Owner: ecuacion_wtpx_user
--

CREATE TABLE public.users_temppasswordreset (
    id bigint NOT NULL,
    token uuid NOT NULL,
    temp_password character varying(128) NOT NULL,
    creado_en timestamp with time zone NOT NULL,
    usado boolean NOT NULL,
    expirado boolean NOT NULL,
    usuario_id bigint NOT NULL
);


ALTER TABLE public.users_temppasswordreset OWNER TO ecuacion_wtpx_user;

--
-- TOC entry 252 (class 1259 OID 16632)
-- Name: users_temppasswordreset_id_seq; Type: SEQUENCE; Schema: public; Owner: ecuacion_wtpx_user
--

ALTER TABLE public.users_temppasswordreset ALTER COLUMN id ADD GENERATED BY DEFAULT AS IDENTITY (
    SEQUENCE NAME public.users_temppasswordreset_id_seq
    START WITH 1
    INCREMENT BY 1
    NO MINVALUE
    NO MAXVALUE
    CACHE 1
);


--
-- TOC entry 251 (class 1259 OID 16621)
-- Name: users_usuario; Type: TABLE; Schema: public; Owner: ecuacion_wtpx_user
--

CREATE TABLE public.users_usuario (
    id bigint NOT NULL,
    nombre character varying(100) NOT NULL,
    apellido character varying(100) NOT NULL,
    fecha_nacimiento date NOT NULL,
    telefono character varying(20) NOT NULL,
    correo character varying(254) NOT NULL,
    password character varying(128) NOT NULL,
    ci character varying(20) NOT NULL,
    fecha_creacion timestamp with time zone NOT NULL,
    fecha_actualizacion timestamp with time zone NOT NULL,
    imagen_url character varying(500),
    estado boolean NOT NULL,
    intentos_fallidos integer NOT NULL,
    ultimo_intento timestamp with time zone,
    fecha_cambio_password timestamp with time zone,
    logins_exitosos integer NOT NULL,
    tipo_2fa character varying(20) NOT NULL,
    secret_2fa character varying(32)
);


ALTER TABLE public.users_usuario OWNER TO ecuacion_wtpx_user;

--
-- TOC entry 250 (class 1259 OID 16620)
-- Name: users_usuario_id_seq; Type: SEQUENCE; Schema: public; Owner: ecuacion_wtpx_user
--

ALTER TABLE public.users_usuario ALTER COLUMN id ADD GENERATED BY DEFAULT AS IDENTITY (
    SEQUENCE NAME public.users_usuario_id_seq
    START WITH 1
    INCREMENT BY 1
    NO MINVALUE
    NO MAXVALUE
    CACHE 1
);


--
-- TOC entry 269 (class 1259 OID 16705)
-- Name: users_usuariorol; Type: TABLE; Schema: public; Owner: ecuacion_wtpx_user
--

CREATE TABLE public.users_usuariorol (
    id bigint NOT NULL,
    rol_id bigint NOT NULL,
    usuario_id bigint NOT NULL
);


ALTER TABLE public.users_usuariorol OWNER TO ecuacion_wtpx_user;

--
-- TOC entry 268 (class 1259 OID 16704)
-- Name: users_usuariorol_id_seq; Type: SEQUENCE; Schema: public; Owner: ecuacion_wtpx_user
--

ALTER TABLE public.users_usuariorol ALTER COLUMN id ADD GENERATED BY DEFAULT AS IDENTITY (
    SEQUENCE NAME public.users_usuariorol_id_seq
    START WITH 1
    INCREMENT BY 1
    NO MINVALUE
    NO MAXVALUE
    CACHE 1
);


--
-- TOC entry 3684 (class 0 OID 16421)
-- Dependencies: 224
-- Data for Name: auth_group; Type: TABLE DATA; Schema: public; Owner: ecuacion_wtpx_user
--

COPY public.auth_group (id, name) FROM stdin;
\.


--
-- TOC entry 3686 (class 0 OID 16429)
-- Dependencies: 226
-- Data for Name: auth_group_permissions; Type: TABLE DATA; Schema: public; Owner: ecuacion_wtpx_user
--

COPY public.auth_group_permissions (id, group_id, permission_id) FROM stdin;
\.


--
-- TOC entry 3682 (class 0 OID 16415)
-- Dependencies: 222
-- Data for Name: auth_permission; Type: TABLE DATA; Schema: public; Owner: ecuacion_wtpx_user
--

COPY public.auth_permission (id, name, content_type_id, codename) FROM stdin;
1	Can add log entry	1	add_logentry
2	Can change log entry	1	change_logentry
3	Can delete log entry	1	delete_logentry
4	Can view log entry	1	view_logentry
5	Can add permission	2	add_permission
6	Can change permission	2	change_permission
7	Can delete permission	2	delete_permission
8	Can view permission	2	view_permission
9	Can add group	3	add_group
10	Can change group	3	change_group
11	Can delete group	3	delete_group
12	Can view group	3	view_group
13	Can add user	4	add_user
14	Can change user	4	change_user
15	Can delete user	4	delete_user
16	Can view user	4	view_user
17	Can add content type	5	add_contenttype
18	Can change content type	5	change_contenttype
19	Can delete content type	5	delete_contenttype
20	Can view content type	5	view_contenttype
21	Can add session	6	add_session
22	Can change session	6	change_session
23	Can delete session	6	delete_session
24	Can view session	6	view_session
25	Can add atacante	7	add_atacante
26	Can change atacante	7	change_atacante
27	Can delete atacante	7	delete_atacante
28	Can view atacante	7	view_atacante
29	Can add gasto operacion	8	add_gastooperacion
30	Can change gasto operacion	8	change_gastooperacion
31	Can delete gasto operacion	8	delete_gastooperacion
32	Can view gasto operacion	8	view_gastooperacion
33	Can add permiso	9	add_permiso
34	Can change permiso	9	change_permiso
35	Can delete permiso	9	delete_permiso
36	Can view permiso	9	view_permiso
37	Can add rol	10	add_rol
38	Can change rol	10	change_rol
39	Can delete rol	10	delete_rol
40	Can view rol	10	view_rol
41	Can add usuario	11	add_usuario
42	Can change usuario	11	change_usuario
43	Can delete usuario	11	delete_usuario
44	Can view usuario	11	view_usuario
45	Can add temp password reset	12	add_temppasswordreset
46	Can change temp password reset	12	change_temppasswordreset
47	Can delete temp password reset	12	delete_temppasswordreset
48	Can view temp password reset	12	view_temppasswordreset
49	Can add proyecto	13	add_proyecto
50	Can change proyecto	13	change_proyecto
51	Can delete proyecto	13	delete_proyecto
52	Can view proyecto	13	view_proyecto
53	Can add modulo	14	add_modulo
54	Can change modulo	14	change_modulo
55	Can delete modulo	14	delete_modulo
56	Can view modulo	14	view_modulo
57	Can add materiales	15	add_materiales
58	Can change materiales	15	change_materiales
59	Can delete materiales	15	delete_materiales
60	Can view materiales	15	view_materiales
61	Can add mano de obra	16	add_manodeobra
62	Can change mano de obra	16	change_manodeobra
63	Can delete mano de obra	16	delete_manodeobra
64	Can view mano de obra	16	view_manodeobra
65	Can add gastos generales	17	add_gastosgenerales
66	Can change gastos generales	17	change_gastosgenerales
67	Can delete gastos generales	17	delete_gastosgenerales
68	Can view gastos generales	17	view_gastosgenerales
69	Can add equipo herramienta	18	add_equipoherramienta
70	Can change equipo herramienta	18	change_equipoherramienta
71	Can delete equipo herramienta	18	delete_equipoherramienta
72	Can view equipo herramienta	18	view_equipoherramienta
73	Can add codigo2fa	19	add_codigo2fa
74	Can change codigo2fa	19	change_codigo2fa
75	Can delete codigo2fa	19	delete_codigo2fa
76	Can view codigo2fa	19	view_codigo2fa
77	Can add usuario rol	20	add_usuariorol
78	Can change usuario rol	20	change_usuariorol
79	Can delete usuario rol	20	delete_usuariorol
80	Can view usuario rol	20	view_usuariorol
81	Can add rol permiso	21	add_rolpermiso
82	Can change rol permiso	21	change_rolpermiso
83	Can delete rol permiso	21	delete_rolpermiso
84	Can view rol permiso	21	view_rolpermiso
85	Can add static device	22	add_staticdevice
86	Can change static device	22	change_staticdevice
87	Can delete static device	22	delete_staticdevice
88	Can view static device	22	view_staticdevice
89	Can add static token	23	add_statictoken
90	Can change static token	23	change_statictoken
91	Can delete static token	23	delete_statictoken
92	Can view static token	23	view_statictoken
93	Can add TOTP device	24	add_totpdevice
94	Can change TOTP device	24	change_totpdevice
95	Can delete TOTP device	24	delete_totpdevice
96	Can view TOTP device	24	view_totpdevice
97	Can add auditoria evento	25	add_auditoriaevento
98	Can change auditoria evento	25	change_auditoriaevento
99	Can delete auditoria evento	25	delete_auditoriaevento
100	Can view auditoria evento	25	view_auditoriaevento
\.


--
-- TOC entry 3688 (class 0 OID 16435)
-- Dependencies: 228
-- Data for Name: auth_user; Type: TABLE DATA; Schema: public; Owner: ecuacion_wtpx_user
--

COPY public.auth_user (id, password, last_login, is_superuser, username, first_name, last_name, email, is_staff, is_active, date_joined) FROM stdin;
\.


--
-- TOC entry 3690 (class 0 OID 16443)
-- Dependencies: 230
-- Data for Name: auth_user_groups; Type: TABLE DATA; Schema: public; Owner: ecuacion_wtpx_user
--

COPY public.auth_user_groups (id, user_id, group_id) FROM stdin;
\.


--
-- TOC entry 3692 (class 0 OID 16449)
-- Dependencies: 232
-- Data for Name: auth_user_user_permissions; Type: TABLE DATA; Schema: public; Owner: ecuacion_wtpx_user
--

COPY public.auth_user_user_permissions (id, user_id, permission_id) FROM stdin;
\.


--
-- TOC entry 3694 (class 0 OID 16507)
-- Dependencies: 234
-- Data for Name: django_admin_log; Type: TABLE DATA; Schema: public; Owner: ecuacion_wtpx_user
--

COPY public.django_admin_log (id, action_time, object_id, object_repr, action_flag, change_message, content_type_id, user_id) FROM stdin;
\.


--
-- TOC entry 3680 (class 0 OID 16407)
-- Dependencies: 220
-- Data for Name: django_content_type; Type: TABLE DATA; Schema: public; Owner: ecuacion_wtpx_user
--

COPY public.django_content_type (id, app_label, model) FROM stdin;
1	admin	logentry
2	auth	permission
3	auth	group
4	auth	user
5	contenttypes	contenttype
6	sessions	session
7	users	atacante
8	users	gastooperacion
9	users	permiso
10	users	rol
11	users	usuario
12	users	temppasswordreset
13	users	proyecto
14	users	modulo
15	users	materiales
16	users	manodeobra
17	users	gastosgenerales
18	users	equipoherramienta
19	users	codigo2fa
20	users	usuariorol
21	users	rolpermiso
22	otp_static	staticdevice
23	otp_static	statictoken
24	otp_totp	totpdevice
25	users	auditoriaevento
\.


--
-- TOC entry 3678 (class 0 OID 16399)
-- Dependencies: 218
-- Data for Name: django_migrations; Type: TABLE DATA; Schema: public; Owner: ecuacion_wtpx_user
--

COPY public.django_migrations (id, app, name, applied) FROM stdin;
1	contenttypes	0001_initial	2025-10-07 01:40:30.261373+00
2	auth	0001_initial	2025-10-07 01:40:38.362093+00
3	admin	0001_initial	2025-10-07 01:40:40.582323+00
4	admin	0002_logentry_remove_auto_add	2025-10-07 01:40:41.329753+00
5	admin	0003_logentry_add_action_flag_choices	2025-10-07 01:40:42.416456+00
6	contenttypes	0002_remove_content_type_name	2025-10-07 01:40:43.887302+00
7	auth	0002_alter_permission_name_max_length	2025-10-07 01:40:45.19528+00
8	auth	0003_alter_user_email_max_length	2025-10-07 01:40:46.403045+00
9	auth	0004_alter_user_username_opts	2025-10-07 01:40:47.359372+00
10	auth	0005_alter_user_last_login_null	2025-10-07 01:40:48.576419+00
11	auth	0006_require_contenttypes_0002	2025-10-07 01:40:49.558249+00
12	auth	0007_alter_validators_add_error_messages	2025-10-07 01:40:50.52935+00
13	auth	0008_alter_user_username_max_length	2025-10-07 01:40:51.78905+00
14	auth	0009_alter_user_last_name_max_length	2025-10-07 01:40:52.989753+00
15	auth	0010_alter_group_name_max_length	2025-10-07 01:40:54.221266+00
16	auth	0011_update_proxy_permissions	2025-10-07 01:40:55.200212+00
17	auth	0012_alter_user_first_name_max_length	2025-10-07 01:40:56.411088+00
18	otp_static	0001_initial	2025-10-07 01:40:59.636304+00
19	otp_static	0002_throttling	2025-10-07 01:41:01.114249+00
20	otp_static	0003_add_timestamps	2025-10-07 01:41:02.792408+00
21	otp_totp	0001_initial	2025-10-07 01:41:04.776327+00
22	otp_totp	0002_auto_20190420_0723	2025-10-07 01:41:06.238402+00
23	otp_totp	0003_add_timestamps	2025-10-07 01:41:08.044379+00
24	sessions	0001_initial	2025-10-07 01:41:09.962182+00
25	two_factor	0001_initial	2025-10-07 01:41:10.675547+00
26	two_factor	0002_auto_20150110_0810	2025-10-07 01:41:11.152358+00
27	two_factor	0003_auto_20150817_1733	2025-10-07 01:41:11.635623+00
28	two_factor	0004_auto_20160205_1827	2025-10-07 01:41:12.119646+00
29	two_factor	0005_auto_20160224_0450	2025-10-07 01:41:12.601576+00
30	two_factor	0006_phonedevice_key_default	2025-10-07 01:41:13.129529+00
31	two_factor	0007_auto_20201201_1019	2025-10-07 01:41:13.623932+00
32	two_factor	0008_delete_phonedevice	2025-10-07 01:41:14.121636+00
33	users	0001_initial	2025-10-07 01:41:33.936355+00
34	two_factor	0001_squashed_0008_delete_phonedevice	2025-10-07 01:41:34.91541+00
35	users	0002_atacante_url	2025-10-13 04:53:56.614395+00
36	users	0003_auditoriaevento	2025-10-13 20:55:19.468054+00
37	users	0004_remove_auditoriaevento_usuario_and_more	2025-10-14 00:32:08.196153+00
\.


--
-- TOC entry 3701 (class 0 OID 16582)
-- Dependencies: 241
-- Data for Name: django_session; Type: TABLE DATA; Schema: public; Owner: ecuacion_wtpx_user
--

COPY public.django_session (session_key, session_data, expire_date) FROM stdin;
\.


--
-- TOC entry 3696 (class 0 OID 16536)
-- Dependencies: 236
-- Data for Name: otp_static_staticdevice; Type: TABLE DATA; Schema: public; Owner: ecuacion_wtpx_user
--

COPY public.otp_static_staticdevice (id, name, confirmed, user_id, throttling_failure_count, throttling_failure_timestamp, created_at, last_used_at) FROM stdin;
\.


--
-- TOC entry 3698 (class 0 OID 16542)
-- Dependencies: 238
-- Data for Name: otp_static_statictoken; Type: TABLE DATA; Schema: public; Owner: ecuacion_wtpx_user
--

COPY public.otp_static_statictoken (id, token, device_id) FROM stdin;
\.


--
-- TOC entry 3700 (class 0 OID 16565)
-- Dependencies: 240
-- Data for Name: otp_totp_totpdevice; Type: TABLE DATA; Schema: public; Owner: ecuacion_wtpx_user
--

COPY public.otp_totp_totpdevice (id, name, confirmed, key, step, t0, digits, tolerance, drift, last_t, user_id, throttling_failure_count, throttling_failure_timestamp, created_at, last_used_at) FROM stdin;
\.


--
-- TOC entry 3703 (class 0 OID 16592)
-- Dependencies: 243
-- Data for Name: users_atacante; Type: TABLE DATA; Schema: public; Owner: ecuacion_wtpx_user
--

COPY public.users_atacante (id, ip, user_agent, payload, tipos, descripcion, fecha, bloqueado, url) FROM stdin;
\.


--
-- TOC entry 3733 (class 0 OID 16869)
-- Dependencies: 273
-- Data for Name: users_auditoriaevento; Type: TABLE DATA; Schema: public; Owner: ecuacion_wtpx_user
--

COPY public.users_auditoriaevento (id, fecha, tipo, descripcion, severidad, ip_cliente, navegador, sistema_operativo, ruta, parametros, extra, bloqueado, url, usuario_id) FROM stdin;
\.


--
-- TOC entry 3727 (class 0 OID 16699)
-- Dependencies: 267
-- Data for Name: users_codigo2fa; Type: TABLE DATA; Schema: public; Owner: ecuacion_wtpx_user
--

COPY public.users_codigo2fa (id, codigo, creado_en, expirado, usuario_id) FROM stdin;
1	547733	2025-10-08 22:39:30.805316+00	t	1
2	117375	2025-10-09 01:05:45.175976+00	f	1
3	244573	2025-10-09 02:55:36.145842+00	f	1
4	302145	2025-10-09 03:15:19.587343+00	f	1
5	962862	2025-10-09 03:23:01.4438+00	f	1
6	354233	2025-10-09 03:39:21.488726+00	f	1
7	624046	2025-10-09 04:12:45.552899+00	f	1
8	308246	2025-10-09 04:28:35.083696+00	f	1
9	797652	2025-10-09 04:38:14.127418+00	f	1
10	856171	2025-10-09 04:49:43.039042+00	f	1
11	773650	2025-10-09 07:34:23.518308+00	f	1
12	342596	2025-10-09 07:38:20.053679+00	f	1
13	584120	2025-10-09 07:39:03.891025+00	f	1
14	223182	2025-10-09 07:39:43.826584+00	f	1
15	137341	2025-10-09 07:40:56.588222+00	f	1
16	674123	2025-10-09 08:00:12.802934+00	f	1
17	598359	2025-10-09 08:01:28.063954+00	f	1
18	915341	2025-10-09 08:03:07.715233+00	f	1
19	144986	2025-10-09 09:42:03.044998+00	f	1
20	432349	2025-10-09 09:55:28.941965+00	t	1
21	049767	2025-10-09 10:10:02.147413+00	f	1
22	552050	2025-10-09 10:22:43.361656+00	f	1
23	679715	2025-10-09 10:32:24.32273+00	f	1
24	306826	2025-10-13 02:51:05.351303+00	f	1
25	350447	2025-10-13 21:44:09.584877+00	f	1
\.


--
-- TOC entry 3725 (class 0 OID 16693)
-- Dependencies: 265
-- Data for Name: users_equipoherramienta; Type: TABLE DATA; Schema: public; Owner: ecuacion_wtpx_user
--

COPY public.users_equipoherramienta (id, descripcion, unidad, cantidad, precio_unitario, total, fecha_creacion, fecha_actualizacion, creado_por_id, id_gasto_operacion_id, modificado_por_id) FROM stdin;
1	EQUIPO TOPOGRÁFICO	HR	0.01	10.00	0.10	2025-10-09 20:25:13.656191+00	2025-10-09 20:25:33.380578+00	4	2	4
2	EQUIPO PESADO RETROEXCAVDORA	HR	0.15	250.00	37.50	2025-10-09 22:24:12.574692+00	2025-10-09 22:24:12.574711+00	4	6	\N
3	SALTARIN	HR	0.10	10.00	1.00	2025-10-09 22:35:00.018009+00	2025-10-09 22:35:00.018028+00	4	7	\N
4	MEZCLADORA DE HORMIGÓN	HR	1.00	10.00	10.00	2025-10-09 23:06:43.333729+00	2025-10-09 23:06:43.333745+00	4	8	\N
5	VIBRADORA DE HORMIGÓN	HR	0.80	10.00	8.00	2025-10-09 23:07:25.225329+00	2025-10-09 23:07:25.225343+00	4	8	\N
6	EQUIPO TOPOGRÁFICO	HR	8.00	10.00	80.00	2025-10-09 23:34:20.635276+00	2025-10-09 23:34:20.635293+00	4	10	\N
7	SOLDADOR ELÉCTRICO	HR	3.00	10.00	30.00	2025-10-09 23:43:09.629823+00	2025-10-09 23:43:09.629839+00	4	11	\N
8	SOLDADOR ELÉCTRICO	HR	3.00	10.00	30.00	2025-10-10 00:10:55.742173+00	2025-10-10 00:10:55.742188+00	4	14	\N
9	SALTARIN	HR	0.10	10.00	1.00	2025-10-10 00:24:18.085541+00	2025-10-10 00:24:18.085556+00	4	16	\N
10	SOLDADOR ELÉCTRICO	HR	8.00	10.00	80.00	2025-10-10 13:06:47.817318+00	2025-10-10 13:06:47.817335+00	4	33	\N
11	SOLDADOR ELÉCTRICO	HR	3.00	10.00	30.00	2025-10-10 13:15:31.714166+00	2025-10-10 13:15:31.714178+00	4	34	\N
12	MEZCLADORA DE HORMIGÓN	HR	1.00	10.00	10.00	2025-10-10 14:47:13.093615+00	2025-10-10 14:47:13.093634+00	4	45	\N
13	VIBRADORA DE HORMIGÓN	HR	0.80	10.00	8.00	2025-10-10 14:47:31.812159+00	2025-10-10 14:47:31.812175+00	4	45	\N
14	SOLDADOR ELÉCTRICO	HR	2.00	10.00	20.00	2025-10-10 15:02:15.756679+00	2025-10-10 15:02:15.756696+00	4	46	\N
15	CAMIÓN GRUA	HR	80.00	240.00	19200.00	2025-10-10 15:43:39.203665+00	2025-10-10 15:43:39.203681+00	4	51	\N
16	SOLDADOR ELÉCTRICO	HR	80.00	10.00	800.00	2025-10-10 15:43:58.946536+00	2025-10-10 15:43:58.94655+00	4	51	\N
17	SOLDADOR ELÉCTRICO	HR	12.00	10.00	120.00	2025-10-10 15:54:58.748203+00	2025-10-10 15:54:58.748221+00	4	52	\N
18	SOLDADOR ELÉCTRICO	HR	4.00	10.00	40.00	2025-10-10 16:21:39.680586+00	2025-10-10 16:21:39.680606+00	4	53	\N
19	SALTARIN	HR	0.10	10.00	1.00	2025-10-10 17:31:49.039986+00	2025-10-10 17:31:49.040004+00	4	62	\N
\.


--
-- TOC entry 3705 (class 0 OID 16601)
-- Dependencies: 245
-- Data for Name: users_gastooperacion; Type: TABLE DATA; Schema: public; Owner: ecuacion_wtpx_user
--

COPY public.users_gastooperacion (id, descripcion, unidad, cantidad, precio_unitario, precio_literal, costo_parcial, fecha_creacion, fecha_actualizacion, creado_por_id, identificador_id, modificado_por_id, modulo_id) FROM stdin;
35	REVOQUE Y ENLUCIDO DE CEMENTO	M2	41.68	0.00		0.00	2025-10-10 13:17:35.411859+00	2025-10-10 13:17:35.411878+00	4	1	4	8
36	PINTURA LATEX HORMIGÓN VISTO	M2	41.68	0.00		0.00	2025-10-10 13:23:21.808713+00	2025-10-10 13:23:21.808733+00	4	1	4	8
37	PROV. Y COLOC. MARCO DE MADERA Y REJA DE PROTECCIÓN (ACERO LISO 3/8")	M2	1.26	0.00		0.00	2025-10-10 13:32:14.856107+00	2025-10-10 13:32:14.856122+00	4	1	4	8
38	PASOS PEATONALES EN ZANJAS CON PASAMANOS	PZA	1.00	0.00		0.00	2025-10-10 13:43:29.101936+00	2025-10-10 13:43:29.101954+00	4	1	4	9
47	ACOMETIDA ELECTRICA	GLB	1.00	0.00		0.00	2025-10-10 15:05:36.237868+00	2025-10-10 15:05:36.237882+00	4	1	4	10
48	ACOMETIDA DE AGUA POTABLE	PZA	1.00	0.00		0.00	2025-10-10 15:12:00.832081+00	2025-10-10 15:12:00.832094+00	4	1	4	10
49	PROVISIÓN Y COLOCACIÓN PLACA ENTREGA DE OBRAS	PZA	1.00	0.00		0.00	2025-10-10 15:20:31.991477+00	2025-10-10 15:20:31.991494+00	4	1	4	10
50	PROV. Y TENDIDO TUBERÍA PVC E-40 (E-C) D=6 PULG	M	270.00	0.00		0.00	2025-10-10 15:28:50.514747+00	2025-10-10 15:28:50.514761+00	4	1	4	10
51	PTAP COMPACTA ABIERTA METALICA 30 M3/HR	GLB	1.00	0.00		0.00	2025-10-10 15:34:09.382212+00	2025-10-10 15:34:09.382226+00	4	1	4	10
39	LETRINA ECOLÓGICA	PZA	1.00	0.00	Cero\n00/100 bolivianos	0.00	2025-10-10 13:44:43.986425+00	2025-10-10 14:04:05.539633+00	4	1	4	9
40	CONTENEDORES DE RESIDUOS SÓLIDOS	PZA	3.00	0.00		0.00	2025-10-10 14:06:58.898052+00	2025-10-10 14:06:58.898065+00	4	1	4	9
41	EVITAR CONTAMINAR SUELOS POR GRASAS Y ACEITES	GLB	1.00	0.00		0.00	2025-10-10 14:12:39.993887+00	2025-10-10 14:12:39.993901+00	4	1	4	9
42	LETREROS DE SEÑALIZACIÓN AMBIENTAL	PZA	1.00	0.00		0.00	2025-10-10 14:19:28.460062+00	2025-10-10 14:19:28.460074+00	4	1	4	9
9	CONTRAPISO DE CASCOTE DE LADRILLO H=7 CM	M2	84.64	0.00	Cero\n00/100 bolivianos	0.00	2025-10-09 22:55:56.065653+00	2025-10-09 22:59:59.106686+00	4	1	4	2
10	REPLANTEO Y TRAZADO DE OBRAS	GLB	1.00	0.00		0.00	2025-10-09 23:28:18.592894+00	2025-10-09 23:28:18.592912+00	4	1	4	2
11	ESCALERA METÁLICA	M	2.00	0.00		0.00	2025-10-09 23:37:22.808248+00	2025-10-09 23:37:22.808269+00	4	1	4	2
12	PROV. E INST. ACCESORIOS PARA TANQUE ELEVADO DE AGUA	GLB	1.00	0.00		0.00	2025-10-09 23:46:26.462143+00	2025-10-09 23:46:26.462157+00	4	1	4	2
13	REVOQUE INTERIOR CON IMPERMEABILIZANTE E=2,5 CM	M2	164.96	0.00		0.00	2025-10-09 23:53:09.46097+00	2025-10-09 23:53:09.460985+00	4	1	4	2
14	PROV Y COLOC TAPA METALICA (PLANCHA 3/16"-ANGULAR 3/4X1/8")	M2	0.64	0.00	Cero\n00/100 bolivianos	0.00	2025-10-10 00:03:06.307546+00	2025-10-10 00:03:54.572868+00	4	1	4	2
15	LIMPIEZA Y DESBROCE	M2	104.04	0.00		0.00	2025-10-10 00:13:28.842701+00	2025-10-10 00:13:28.842717+00	4	1	4	2
16	RELLENO Y COMPACTADO MANUAL Y NIVELADO	M3	3981.40	0.00		0.00	2025-10-10 00:21:15.608117+00	2025-10-10 00:21:15.608134+00	4	1	4	5
17	PROV. Y TENDIDO TUBERIA PVC E-40 (E-C) D=2 PULG	M	12321.00	0.00		0.00	2025-10-10 01:42:07.64502+00	2025-10-10 01:42:07.645059+00	4	1	4	5
18	CAMA DE TIERRA CERNIDA	M3	1333.56	0.00		0.00	2025-10-10 01:50:43.919363+00	2025-10-10 01:50:43.919382+00	4	1	4	5
19	PROV. Y TENDIDO TUBERIA PVC E-40 (E-C) D=6 PULG	M	241.00	0.00		0.00	2025-10-10 01:55:23.635534+00	2025-10-10 01:55:23.635556+00	4	1	4	5
20	PROV. E INST. ACCESORIOS RED DE DISTRIBUCION	GLB	1.00	0.00		0.00	2025-10-10 02:02:19.791366+00	2025-10-10 02:02:19.791382+00	4	1	4	5
21	PROV. Y TENDIDO TUBERIA PVC E-40 (E-C) D=3 PULG	M	6486.00	0.00		0.00	2025-10-10 02:07:17.486024+00	2025-10-10 02:07:17.486045+00	4	1	4	5
22	PROV. Y TENDIDO TUBERIA PVC E-40 (E-C) D=4 PULG	M	2263.00	0.00		0.00	2025-10-10 02:13:47.901874+00	2025-10-10 02:13:47.90189+00	4	1	4	5
23	PRUEBA HIDRÁULICA TUBERÍA HASTA D=6"	M	21311.00	0.00		0.00	2025-10-10 02:20:05.507859+00	2025-10-10 02:20:05.507878+00	4	1	4	5
24	DESINFECCIÓN DE TUBERÍA HASTA D=6"	M	21311.00	0.00		0.00	2025-10-10 02:24:34.957443+00	2025-10-10 02:24:34.957459+00	4	1	4	5
25	EXCAVACIÓN DE 0-2 M SUELO SEMIDURO	M3	5314.96	0.00		0.00	2025-10-10 02:40:50.952543+00	2025-10-10 02:40:50.952561+00	4	1	4	5
26	CÁMARA DE INSPECCIÓN DE Hº Cº 80 x 80 cm	PZA	4.00	0.00		0.00	2025-10-10 02:59:09.125303+00	2025-10-10 02:59:09.125324+00	4	1	4	5
2	REPLANTEO Y CONTROL DE TUBERÍAS	M	28690.00	1.10	Uno\n17/100 bolivianos	31559.00	2025-10-09 17:20:41.216162+00	2025-10-09 20:30:08.624232+00	4	1	4	1
5	INSTALACIÓN DE FAENAS GENERAL	GLB	1.00	0.00		0.00	2025-10-09 20:34:25.724346+00	2025-10-09 20:34:25.724362+00	4	1	4	1
6	EXCAVACIÓN COMÚN CON EQUIPO PESADO	M3	270.50	0.00		0.00	2025-10-09 22:21:54.898629+00	2025-10-09 22:21:54.898671+00	4	1	4	2
7	RELLENO ZANJA CON MATERIAL GRANULAR INCL. PROV. DE MATERIAL	M3	50.44	0.00		0.00	2025-10-09 22:29:49.119466+00	2025-10-09 22:29:49.119485+00	4	1	4	2
8	HORMIGÓN ARMADO H21	M3	66.47	0.00		0.00	2025-10-09 22:55:55.215344+00	2025-10-09 22:55:55.21538+00	4	1	4	2
27	PROV. E INST. ACCESORIOS CAMARA DE VALVULAS	GLB	1.00	0.00		0.00	2025-10-10 03:06:53.63785+00	2025-10-10 03:06:53.637867+00	4	1	4	5
43	ANÁLISIS FÍSICO, QUÍMICO Y MICROBIOLÓGICO DE AGUAS	MTR	1.00	0.00		0.00	2025-10-10 14:25:14.960392+00	2025-10-10 14:25:14.960409+00	4	1	4	9
28	ACOMETIDA DE AGUA POTABLE	PZA	481.00	0.00		0.00	2025-10-10 03:21:54.498251+00	2025-10-10 03:21:54.498266+00	4	1	4	6
29	PROV. Y COLOCACIÓN DE MEDIDOR DE AGUA D=1/2 PULG	PZA	481.00	0.00		0.00	2025-10-10 03:28:14.066079+00	2025-10-10 03:28:14.066099+00	4	1	4	6
30	PROV. Y COLOC. DE CAJA PLASTICO PARA MEDIDOR DE AGUA	PZA	481.00	0.00		0.00	2025-10-10 03:35:45.305168+00	2025-10-10 03:35:45.305184+00	4	1	4	6
31	PROV. E INST. BOMBA ELÉCTRICA CENTRÍFUGA 15 HP	PZA	2.00	0.00		0.00	2025-10-10 12:44:10.309278+00	2025-10-10 12:44:10.309318+00	4	1	4	7
32	MURO DE LADRILLO 6 HUECOS E=12 CM	M2	20.85	0.00		0.00	2025-10-10 12:54:14.722247+00	2025-10-10 12:54:14.722261+00	4	1	4	8
33	PROVISIÓN Y COLOCACIÓN PUERTA METÁLICA	M2	2.40	0.00		0.00	2025-10-10 13:00:15.947837+00	2025-10-10 13:00:15.947855+00	4	1	4	8
34	CUBIERTA DE CALAMINA GALVANIZADA Nº28 INCL. ESTRUCT. METALICA	M2	9.80	0.00		0.00	2025-10-10 13:09:17.796568+00	2025-10-10 13:09:17.796582+00	4	1	4	8
44	CONTRAPISO DE CASCOTE DE LADRILLO H=7 CM	M2	76.80	0.00		0.00	2025-10-10 14:35:38.255034+00	2025-10-10 14:35:38.255048+00	4	1	4	10
45	HORMIGÓN ARMADO H21	M3	38.40	0.00		0.00	2025-10-10 14:42:05.597761+00	2025-10-10 14:42:05.597775+00	4	1	4	10
46	PROVISION Y TENDIDO TUBERIA FG D=6"	M	8.58	0.00		0.00	2025-10-10 14:58:16.732096+00	2025-10-10 14:58:16.732111+00	4	1	4	10
52	PROV. Y COLOC. ESTRUCTURA METÁLICA P/DOSIFICADORES	GLB	1.00	0.00		0.00	2025-10-10 15:49:58.743225+00	2025-10-10 15:49:58.743241+00	4	1	4	10
53	PROV. Y COLOC. REJILLA METÁLICA DE ACERO	M2	7.20	0.00		0.00	2025-10-10 15:57:46.81388+00	2025-10-10 15:57:46.813898+00	4	1	4	10
54	PROVISIÓN Y MONTAJE DE TABLERO DE DISTRIBUCIÓN	PZA	1.00	0.00		0.00	2025-10-10 16:25:06.651839+00	2025-10-10 16:25:06.651856+00	4	1	4	10
56	C.ÁMARA DE INSPECCIÓN DE Hº Cº 80 X 80 CM	PZA	2.00	0.00		0.00	2025-10-10 17:10:01.889957+00	2025-10-10 17:10:01.889972+00	4	1	4	10
57	C.ÁMARA DE INSPECCIÓN DE Hº Cº 80 X 80 CM	PZA	2.00	0.00		0.00	2025-10-10 17:10:03.156471+00	2025-10-10 17:10:03.156485+00	4	1	4	10
58	C.ÁMARA DE INSPECCIÓN DE Hº Cº 80 X 80 CM	PZA	2.00	0.00		0.00	2025-10-10 17:10:03.562765+00	2025-10-10 17:10:03.562787+00	4	1	4	10
59	C.ÁMARA DE INSPECCIÓN DE Hº Cº 80 X 80 CM	PZA	2.00	0.00		0.00	2025-10-10 17:10:03.982941+00	2025-10-10 17:10:03.98296+00	4	1	4	10
60	EXCAVACIÓN DE 0-2 M SUELO SEMIDURO	M3	86.40	0.00		0.00	2025-10-10 17:15:35.114564+00	2025-10-10 17:15:35.114583+00	4	1	4	10
61	CAMA DE TIERRA CERNIDA	M3	27.00	0.00		0.00	2025-10-10 17:18:59.700041+00	2025-10-10 17:18:59.700056+00	4	1	4	10
62	RELLENO Y COMPACTADO MANUAL Y NIVELADO	M3	59.40	0.00		0.00	2025-10-10 17:29:50.994181+00	2025-10-10 17:29:50.994199+00	4	1	4	10
63	PROV. E INST. VALVULA COMPUERTA FFD DN=150mm ANSI 300Lb	PZA	2.00	0.00		0.00	2025-10-10 17:34:54.763854+00	2025-10-10 17:34:54.763869+00	4	1	4	10
64	PINTADO ARTISTICO OBRA FPS	GLB	1.00	0.00		0.00	2025-10-10 17:40:32.563727+00	2025-10-10 17:40:32.563746+00	4	1	4	10
55	C.ÁMARA DE INSPECCIÓN DE Hº Cº 80 X 80 CM	PZA	2.00	0.00	Cero\n00/100 bolivianos	0.00	2025-10-10 17:10:01.123199+00	2025-10-10 17:53:33.501259+00	4	1	4	10
1	PROVISIÓN Y COLOCACIÓN LETRERO DE OBRA FPS	PZA	1.00	13436.11	Catorce mil doscientos sesenta y siete\n56/100 bolivianos	13436.11	2025-10-09 17:19:45.684495+00	2025-10-11 18:25:06.537073+00	4	1	4	1
\.


--
-- TOC entry 3723 (class 0 OID 16667)
-- Dependencies: 263
-- Data for Name: users_gastosgenerales; Type: TABLE DATA; Schema: public; Owner: ecuacion_wtpx_user
--

COPY public.users_gastosgenerales (id, total, fecha_creacion, fecha_actualizacion, creado_por_id, id_gasto_operacion_id, modificado_por_id) FROM stdin;
1	13436.11	2025-10-09 19:16:43.265818+00	2025-10-09 19:19:26.392439+00	4	1	4
2	1.10	2025-10-09 20:28:08.219304+00	2025-10-09 20:28:08.219321+00	4	2	\N
3	16783.35	2025-10-09 21:00:56.909046+00	2025-10-09 21:16:58.11376+00	4	5	4
4	46.58	2025-10-09 22:25:47.81222+00	2025-10-09 22:26:05.377358+00	4	6	4
5	88.08	2025-10-09 22:36:12.943995+00	2025-10-09 22:36:12.94401+00	4	7	\N
6	3885.49	2025-10-09 23:08:39.470489+00	2025-10-09 23:08:46.000279+00	4	8	4
7	200.38	2025-10-09 23:20:54.811307+00	2025-10-09 23:20:54.811322+00	4	9	\N
8	1413.67	2025-10-09 23:35:14.602313+00	2025-10-09 23:35:14.602332+00	4	10	\N
9	1150.39	2025-10-09 23:43:17.215901+00	2025-10-09 23:43:52.5732+00	4	11	4
10	38575.15	2025-10-09 23:49:53.706184+00	2025-10-09 23:49:53.706201+00	4	12	\N
11	147.80	2025-10-09 23:58:55.037757+00	2025-10-09 23:59:02.025328+00	4	13	4
12	2733.04	2025-10-10 00:11:39.521326+00	2025-10-10 00:11:49.746716+00	4	14	4
13	4.68	2025-10-10 00:15:29.48509+00	2025-10-10 00:15:38.987797+00	4	15	4
14	57.18	2025-10-10 00:25:03.627441+00	2025-10-10 00:25:03.627458+00	4	16	\N
15	28.21	2025-10-10 01:48:35.36692+00	2025-10-10 01:48:35.366935+00	4	17	\N
16	80.87	2025-10-10 01:52:58.749983+00	2025-10-10 01:53:15.139203+00	4	18	4
17	119.04	2025-10-10 01:59:31.924232+00	2025-10-10 01:59:31.924253+00	4	19	\N
18	41665.15	2025-10-10 02:05:22.458779+00	2025-10-10 02:05:22.458795+00	4	20	\N
19	50.70	2025-10-10 02:11:18.115084+00	2025-10-10 02:11:18.115106+00	4	21	\N
20	66.80	2025-10-10 02:17:21.638561+00	2025-10-10 02:17:21.638582+00	4	22	\N
21	0.60	2025-10-10 02:22:29.035997+00	2025-10-10 02:22:29.036016+00	4	23	\N
22	0.85	2025-10-10 02:27:54.72819+00	2025-10-10 02:27:54.728208+00	4	24	\N
23	59.89	2025-10-10 02:43:46.217555+00	2025-10-10 02:43:46.217571+00	4	25	\N
24	5102.37	2025-10-10 03:05:17.547923+00	2025-10-10 03:05:17.547947+00	4	26	\N
25	17696.06	2025-10-10 03:09:57.587755+00	2025-10-10 03:09:57.587775+00	4	27	\N
26	1797.52	2025-10-10 03:25:50.284157+00	2025-10-10 03:25:50.284194+00	4	28	\N
27	273.39	2025-10-10 03:33:34.826908+00	2025-10-10 03:33:34.826926+00	4	29	\N
28	377.10	2025-10-10 03:39:54.97682+00	2025-10-10 03:39:54.976843+00	4	30	\N
29	45235.58	2025-10-10 12:49:29.65114+00	2025-10-10 12:49:46.283525+00	4	31	4
30	176.81	2025-10-10 12:58:37.933814+00	2025-10-10 12:58:37.933829+00	4	32	\N
31	4099.73	2025-10-10 13:07:20.844059+00	2025-10-10 13:07:20.844073+00	4	33	\N
32	457.81	2025-10-10 13:16:09.891142+00	2025-10-10 13:16:09.891159+00	4	34	\N
33	136.21	2025-10-10 13:21:17.383555+00	2025-10-10 13:21:17.383576+00	4	35	\N
34	58.50	2025-10-10 13:30:00.47477+00	2025-10-10 13:30:00.474786+00	4	36	\N
35	1404.34	2025-10-10 13:37:35.63847+00	2025-10-10 13:37:35.638485+00	4	37	\N
36	496.17	2025-10-10 13:47:47.23055+00	2025-10-10 13:47:47.230569+00	4	38	\N
37	8014.06	2025-10-10 13:54:48.229558+00	2025-10-10 14:04:51.543414+00	4	39	4
38	875.44	2025-10-10 14:10:53.197868+00	2025-10-10 14:10:53.197885+00	4	40	\N
39	3071.17	2025-10-10 14:16:50.894604+00	2025-10-10 14:16:50.894618+00	4	41	\N
40	917.59	2025-10-10 14:22:14.832203+00	2025-10-10 14:22:14.832221+00	4	42	\N
41	1895.75	2025-10-10 14:29:35.312159+00	2025-10-10 14:29:35.312176+00	4	43	\N
42	200.38	2025-10-10 14:39:12.415165+00	2025-10-10 14:39:12.415181+00	4	44	\N
43	3885.49	2025-10-10 14:48:13.633508+00	2025-10-10 14:48:13.633522+00	4	45	\N
44	766.79	2025-10-10 15:03:16.079583+00	2025-10-10 15:03:16.079599+00	4	46	\N
45	10529.25	2025-10-10 15:09:40.901428+00	2025-10-10 15:09:40.901448+00	4	47	\N
46	1797.52	2025-10-10 15:17:49.422262+00	2025-10-10 15:17:49.422281+00	4	48	\N
47	3170.67	2025-10-10 15:26:34.660486+00	2025-10-10 15:26:34.660505+00	4	49	\N
48	119.04	2025-10-10 15:32:01.774502+00	2025-10-10 15:32:01.774517+00	4	50	\N
49	979340.02	2025-10-10 15:45:02.483921+00	2025-10-10 15:45:02.483936+00	4	51	\N
50	11723.92	2025-10-10 15:55:42.105261+00	2025-10-10 15:55:42.105279+00	4	52	\N
51	759.15	2025-10-10 16:22:25.592531+00	2025-10-10 16:22:25.592553+00	4	53	\N
52	6497.64	2025-10-10 16:27:36.327979+00	2025-10-10 16:27:36.327995+00	4	54	\N
53	5102.37	2025-10-10 17:13:35.288552+00	2025-10-10 17:13:35.288566+00	4	59	\N
54	59.89	2025-10-10 17:17:07.750942+00	2025-10-10 17:17:07.750958+00	4	60	\N
55	80.87	2025-10-10 17:28:04.590744+00	2025-10-10 17:28:04.590757+00	4	61	\N
56	57.18	2025-10-10 17:32:15.97322+00	2025-10-10 17:32:15.973239+00	4	62	\N
57	8128.50	2025-10-10 17:38:28.946155+00	2025-10-10 17:38:28.946175+00	4	63	\N
58	24159.85	2025-10-10 17:45:37.091994+00	2025-10-10 17:45:37.092012+00	4	64	\N
\.


--
-- TOC entry 3721 (class 0 OID 16661)
-- Dependencies: 261
-- Data for Name: users_manodeobra; Type: TABLE DATA; Schema: public; Owner: ecuacion_wtpx_user
--

COPY public.users_manodeobra (id, descripcion, unidad, cantidad, precio_unitario, total, fecha_creacion, fecha_actualizacion, creado_por_id, id_gasto_operacion_id, modificado_por_id) FROM stdin;
1	ALBAÑIL	HR	48.00	15.00	720.00	2025-10-09 19:13:50.667177+00	2025-10-09 19:13:50.667192+00	4	1	\N
3	PINTOR	HR	16.00	15.00	240.00	2025-10-09 19:15:04.610424+00	2025-10-09 19:15:04.610443+00	4	1	\N
4	ALARIFE	HR	0.01	12.50	0.13	2025-10-09 20:22:59.836719+00	2025-10-09 20:22:59.836735+00	4	2	\N
2	AYUDANTE	HR	48.00	10.00	480.00	2025-10-09 19:14:31.560449+00	2025-10-09 19:14:31.560468+00	4	1	\N
5	AYUDANTE	HR	0.01	10.00	0.10	2025-10-09 20:23:40.158278+00	2025-10-09 20:23:40.158297+00	4	2	\N
6	TOPOGRAFO	HR	0.01	18.00	0.18	2025-10-09 20:24:22.610096+00	2025-10-09 20:24:22.610114+00	4	2	\N
7	ALBAÑIL	HR	24.00	15.00	360.00	2025-10-09 21:15:28.121806+00	2025-10-09 21:15:28.121825+00	4	5	\N
8	AYUDANTE	HR	24.00	10.00	240.00	2025-10-09 21:15:49.628961+00	2025-10-09 21:15:49.628981+00	4	5	\N
9	ESPECIALISTA	HR	24.00	15.00	360.00	2025-10-09 21:16:23.123011+00	2025-10-09 21:16:23.123027+00	4	5	\N
10	AYUDANTE	HR	0.20	10.00	2.00	2025-10-09 22:22:59.178968+00	2025-10-09 22:22:59.178985+00	4	6	\N
11	AYUDANTE	HR	0.20	10.00	2.00	2025-10-09 22:22:59.483298+00	2025-10-09 22:22:59.483316+00	4	6	\N
12	OPERADOR DE EQUIPO PESADO	HR	0.15	15.00	2.25	2025-10-09 22:23:25.563749+00	2025-10-09 22:23:25.563768+00	4	6	\N
13	AYUDANTE	HR	3.00	10.00	30.00	2025-10-09 22:34:26.658714+00	2025-10-09 22:34:26.658733+00	4	7	\N
14	ALBAÑIL	HR	24.00	15.00	360.00	2025-10-09 23:05:40.897505+00	2025-10-09 23:05:40.897518+00	4	8	\N
15	AYUDANTE	HR	24.00	10.00	240.00	2025-10-09 23:06:02.217992+00	2025-10-09 23:06:02.218008+00	4	8	\N
16	ALBAÑIL	HR	2.20	15.00	33.00	2025-10-09 23:20:07.379679+00	2025-10-09 23:20:10.588363+00	4	9	4
17	AYUDANTE	HR	2.20	10.00	22.00	2025-10-09 23:20:32.456382+00	2025-10-09 23:20:32.456399+00	4	9	\N
18	ALBAÑIL	HR	8.00	15.00	120.00	2025-10-09 23:33:05.105753+00	2025-10-09 23:33:05.105768+00	4	10	\N
19	AYUDANTE	HR	16.00	10.00	160.00	2025-10-09 23:33:27.406762+00	2025-10-09 23:33:27.406778+00	4	10	\N
20	TOPOGRAFO	HR	8.00	18.00	144.00	2025-10-09 23:33:50.297009+00	2025-10-09 23:33:50.297024+00	4	10	\N
21	AYUDANTE	HR	16.00	10.00	160.00	2025-10-09 23:41:43.788868+00	2025-10-09 23:41:43.788882+00	4	11	\N
22	SOLDADOR	HR	16.00	15.00	240.00	2025-10-09 23:42:16.99429+00	2025-10-09 23:42:16.994309+00	4	11	\N
23	AYUDANTE	HR	120.00	10.00	1200.00	2025-10-09 23:48:36.65228+00	2025-10-09 23:48:36.652296+00	4	12	\N
24	ESPECIALISTA	HR	120.00	15.00	1800.00	2025-10-09 23:48:58.279445+00	2025-10-09 23:48:58.27946+00	4	12	\N
25	ALBAÑIL	HR	2.20	15.00	33.00	2025-10-09 23:57:39.233153+00	2025-10-09 23:57:39.233167+00	4	13	\N
26	AYUDANTE	HR	2.20	10.00	22.00	2025-10-09 23:58:06.458934+00	2025-10-09 23:58:06.45895+00	4	13	\N
27	AYUDANTE	HR	8.00	10.00	80.00	2025-10-10 00:10:01.719941+00	2025-10-10 00:10:01.719962+00	4	14	\N
28	SOLDADOR	HR	8.00	15.00	120.00	2025-10-10 00:10:24.570803+00	2025-10-10 00:10:24.570823+00	4	14	\N
29	AYUDANTE	HR	0.25	10.00	2.50	2025-10-10 00:14:46.003527+00	2025-10-10 00:14:46.003543+00	4	15	\N
30	AYUDANTE	HR	3.00	10.00	30.00	2025-10-10 00:23:52.087964+00	2025-10-10 00:23:52.087997+00	4	16	\N
31	AYUDANTE	HR	0.15	10.00	1.50	2025-10-10 01:47:16.870221+00	2025-10-10 01:47:16.870239+00	4	17	\N
32	PLOMERO	HR	0.15	15.00	2.25	2025-10-10 01:47:52.37674+00	2025-10-10 01:47:52.376756+00	4	17	\N
33	AYUDANTE	HR	3.00	10.00	30.00	2025-10-10 01:52:19.816191+00	2025-10-10 01:52:19.816213+00	4	18	\N
34	AYUDANTE	HR	0.30	10.00	3.00	2025-10-10 01:58:29.871165+00	2025-10-10 01:58:29.871185+00	4	19	\N
35	PLOMERO	HR	0.30	15.00	4.50	2025-10-10 01:58:49.243604+00	2025-10-10 01:58:49.243646+00	4	19	\N
36	AYUDANTE	HR	120.00	10.00	1200.00	2025-10-10 02:04:12.35655+00	2025-10-10 02:04:12.356566+00	4	20	\N
37	PLOMERO	HR	120.00	15.00	1800.00	2025-10-10 02:04:30.697811+00	2025-10-10 02:04:30.697835+00	4	20	\N
38	AYUDANTE	HR	0.20	10.00	2.00	2025-10-10 02:09:37.019356+00	2025-10-10 02:10:11.439269+00	4	21	4
39	PLOMERO	HR	0.20	15.00	3.00	2025-10-10 02:10:30.128604+00	2025-10-10 02:10:30.128648+00	4	21	\N
40	AYUDANTE	HR	0.25	10.00	2.50	2025-10-10 02:16:21.526338+00	2025-10-10 02:16:21.526354+00	4	22	\N
41	PLOMERO	HR	0.25	15.00	3.75	2025-10-10 02:16:44.536881+00	2025-10-10 02:16:44.536912+00	4	22	\N
42	AYUDANTE	HR	0.01	10.00	0.10	2025-10-10 02:21:36.196909+00	2025-10-10 02:21:36.196927+00	4	23	\N
43	PLOMERO	HR	0.01	15.00	0.15	2025-10-10 02:21:55.940136+00	2025-10-10 02:21:55.940152+00	4	23	\N
44	AYUDANTE	HR	0.01	10.00	0.10	2025-10-10 02:27:03.744887+00	2025-10-10 02:27:03.744904+00	4	24	\N
45	PLOMERO	HR	0.01	15.00	0.15	2025-10-10 02:27:22.925174+00	2025-10-10 02:27:22.925189+00	4	24	\N
46	ALBAÑIL	HR	32.00	15.00	480.00	2025-10-10 03:03:13.910771+00	2025-10-10 03:03:13.910791+00	4	26	\N
47	AYUDANTE	HR	32.00	10.00	320.00	2025-10-10 03:03:35.832097+00	2025-10-10 03:03:35.832113+00	4	26	\N
48	AYUDANTE	HR	48.00	10.00	480.00	2025-10-10 03:08:55.142667+00	2025-10-10 03:08:55.142683+00	4	27	\N
49	PLOMERO	HR	48.00	15.00	720.00	2025-10-10 03:09:11.044652+00	2025-10-10 03:09:11.044671+00	4	27	\N
50	ALBAÑIL	HR	12.00	15.00	180.00	2025-10-10 03:24:28.000395+00	2025-10-10 03:24:28.00041+00	4	28	\N
51	AYUDANTE	HR	12.00	10.00	120.00	2025-10-10 03:24:46.897254+00	2025-10-10 03:24:46.89727+00	4	28	\N
52	AYUDANTE	HR	1.00	10.00	10.00	2025-10-10 03:30:15.583302+00	2025-10-10 03:30:15.58332+00	4	29	\N
53	PLOMERO	HR	1.00	15.00	15.00	2025-10-10 03:30:38.705239+00	2025-10-10 03:30:38.705254+00	4	29	\N
54	AYUDANTE	HR	0.50	10.00	5.00	2025-10-10 03:38:46.823707+00	2025-10-10 03:38:46.823722+00	4	30	\N
55	PLOMERO	HR	0.50	15.00	7.50	2025-10-10 03:39:06.980091+00	2025-10-10 03:39:06.98011+00	4	30	\N
56	AYUDANTE	HR	48.00	10.00	480.00	2025-10-10 12:47:34.602078+00	2025-10-10 12:47:34.602097+00	4	31	\N
57	ESPECIALISTA	HR	48.00	15.00	720.00	2025-10-10 12:47:57.422213+00	2025-10-10 12:47:57.422228+00	4	31	\N
58	INGENIERO ELÉCTRICO	HR	48.00	35.00	1680.00	2025-10-10 12:48:39.028438+00	2025-10-10 12:48:39.028457+00	4	31	\N
59	ALBAÑIL	HR	2.00	15.00	30.00	2025-10-10 12:57:33.554687+00	2025-10-10 12:57:33.5547+00	4	32	\N
60	AYUDANTE	HR	2.00	10.00	20.00	2025-10-10 12:57:48.224642+00	2025-10-10 12:57:48.224655+00	4	32	\N
61	AYUDANTE	HR	24.00	10.00	240.00	2025-10-10 13:03:10.151516+00	2025-10-10 13:03:10.151529+00	4	33	\N
62	SOLDADOR	HR	24.00	15.00	360.00	2025-10-10 13:03:31.677087+00	2025-10-10 13:03:31.677101+00	4	33	\N
63	AYUDANTE	HR	6.00	10.00	60.00	2025-10-10 13:14:51.657382+00	2025-10-10 13:14:51.657399+00	4	34	\N
64	SOLDADOR	HR	6.00	15.00	90.00	2025-10-10 13:15:06.280495+00	2025-10-10 13:15:06.280507+00	4	34	\N
65	ALBAÑIL	HR	2.20	15.00	33.00	2025-10-10 13:20:27.523703+00	2025-10-10 13:20:27.523715+00	4	35	\N
66	AYUDANTE	HR	2.20	10.00	22.00	2025-10-10 13:20:45.767336+00	2025-10-10 13:20:45.767353+00	4	35	\N
67	ALBAÑIL	HR	0.66	15.00	9.87	2025-10-10 13:29:02.810174+00	2025-10-10 13:29:02.81019+00	4	36	\N
68	AYUDANTE	HR	0.66	10.00	6.58	2025-10-10 13:29:20.853076+00	2025-10-10 13:29:20.853095+00	4	36	\N
69	ALBAÑIL	HR	8.00	15.00	120.00	2025-10-10 13:36:43.266076+00	2025-10-10 13:36:43.266091+00	4	37	\N
70	AYUDANTE	HR	8.00	10.00	80.00	2025-10-10 13:36:57.568839+00	2025-10-10 13:36:57.568854+00	4	37	\N
71	ALBAÑIL	HR	4.00	15.00	60.00	2025-10-10 13:46:46.157129+00	2025-10-10 13:46:46.157146+00	4	38	\N
72	AYUDANTE	HR	4.00	10.00	40.00	2025-10-10 13:46:59.556198+00	2025-10-10 13:46:59.556215+00	4	38	\N
75	ALBAÑIL	HR	48.00	15.00	720.00	2025-10-10 14:02:25.513478+00	2025-10-10 14:02:25.513495+00	4	39	\N
76	AYUDANTE	HR	48.00	10.00	480.00	2025-10-10 14:02:39.512852+00	2025-10-10 14:02:39.512866+00	4	39	\N
77	ALBAÑIL	HR	1.00	15.00	15.00	2025-10-10 14:10:07.77906+00	2025-10-10 14:10:07.779073+00	4	40	\N
78	AYUDANTE	HR	4.00	10.00	40.00	2025-10-10 14:10:21.598991+00	2025-10-10 14:10:21.599004+00	4	40	\N
79	ALBAÑIL	HR	4.00	15.00	60.00	2025-10-10 14:15:54.823903+00	2025-10-10 14:15:54.82392+00	4	41	\N
80	AYUDANTE	HR	4.00	10.00	40.00	2025-10-10 14:16:06.818206+00	2025-10-10 14:16:06.818225+00	4	41	\N
81	AYUDANTE	HR	2.00	10.00	20.00	2025-10-10 14:21:22.239644+00	2025-10-10 14:21:22.239659+00	4	42	\N
82	ESPECIALISTA	HR	2.00	15.00	30.00	2025-10-10 14:21:37.92562+00	2025-10-10 14:21:37.925637+00	4	42	\N
83	AYUDANTE	HR	32.00	10.00	320.00	2025-10-10 14:28:36.447438+00	2025-10-10 14:28:36.447456+00	4	43	\N
84	ESPECIALISTA	HR	4.00	15.00	60.00	2025-10-10 14:28:55.930647+00	2025-10-10 14:28:55.93066+00	4	43	\N
85	ALBAÑIL	HR	2.20	15.00	33.00	2025-10-10 14:38:15.900766+00	2025-10-10 14:38:15.900784+00	4	44	\N
86	AYUDANTE	HR	2.20	10.00	22.00	2025-10-10 14:38:34.90868+00	2025-10-10 14:38:34.908694+00	4	44	\N
87	ALBAÑIL	HR	24.00	15.00	360.00	2025-10-10 14:46:32.737815+00	2025-10-10 14:46:32.737831+00	4	45	\N
88	AYUDANTE	HR	24.00	10.00	240.00	2025-10-10 14:46:48.758756+00	2025-10-10 14:46:48.758776+00	4	45	\N
89	AYUDANTE	HR	2.00	10.00	20.00	2025-10-10 15:01:36.46725+00	2025-10-10 15:01:36.467268+00	4	46	\N
90	SOLDADOR	HR	2.00	15.00	30.00	2025-10-10 15:01:53.66075+00	2025-10-10 15:01:53.660764+00	4	46	\N
91	AYUDANTE	HR	24.00	10.00	240.00	2025-10-10 15:08:37.072543+00	2025-10-10 15:08:37.072562+00	4	47	\N
92	INGENIERO ELÉCTRICO	HR	24.00	35.00	840.00	2025-10-10 15:08:55.922134+00	2025-10-10 15:08:55.922152+00	4	47	\N
93	ALBAÑIL	HR	12.00	15.00	180.00	2025-10-10 15:16:57.024582+00	2025-10-10 15:16:57.024599+00	4	48	\N
94	AYUDANTE	HR	12.00	10.00	120.00	2025-10-10 15:17:11.061575+00	2025-10-10 15:17:11.061605+00	4	48	\N
95	ALBAÑIL	HR	24.00	15.00	360.00	2025-10-10 15:25:00.005615+00	2025-10-10 15:25:00.00563+00	4	49	\N
96	AYUDANTE	HR	24.00	10.00	240.00	2025-10-10 15:25:11.384521+00	2025-10-10 15:25:11.384539+00	4	49	\N
97	AYUDANTE	HR	0.30	10.00	3.00	2025-10-10 15:31:09.693796+00	2025-10-10 15:31:09.693815+00	4	50	\N
98	PLOMERO	HR	0.30	15.00	4.50	2025-10-10 15:31:26.303011+00	2025-10-10 15:31:26.303025+00	4	50	\N
99	AYUDANTE	HR	288.00	10.00	2880.00	2025-10-10 15:38:59.311355+00	2025-10-10 15:38:59.311373+00	4	51	\N
100	ELECTRICISTA	HR	160.00	15.00	2400.00	2025-10-10 15:39:35.837192+00	2025-10-10 15:39:35.83721+00	4	51	\N
101	ESPECIALISTA	HR	80.00	15.00	1200.00	2025-10-10 15:39:55.523102+00	2025-10-10 15:39:55.523117+00	4	51	\N
102	INGENIERO ELÉCTRICO	HR	160.00	35.00	5600.00	2025-10-10 15:40:17.820634+00	2025-10-10 15:40:17.82065+00	4	51	\N
103	INGENIERO QUÍMICO	HR	80.00	35.00	2800.00	2025-10-10 15:40:51.588194+00	2025-10-10 15:40:51.588211+00	4	51	\N
104	INGENIERO MECÁNICO	HR	80.00	35.00	2800.00	2025-10-10 15:41:31.47727+00	2025-10-10 15:41:31.477284+00	4	51	\N
105	INGENIERO SANITARIO	HR	48.00	35.00	1680.00	2025-10-10 15:42:07.815065+00	2025-10-10 15:42:07.815078+00	4	51	\N
106	PLOMERO	HR	208.00	15.00	3120.00	2025-10-10 15:42:31.393061+00	2025-10-10 15:42:31.393074+00	4	51	\N
107	SOLDADOR	HR	80.00	15.00	1200.00	2025-10-10 15:42:50.765126+00	2025-10-10 15:42:50.765139+00	4	51	\N
108	AYUDANTE	HR	42.00	10.00	420.00	2025-10-10 15:54:18.306018+00	2025-10-10 15:54:18.306037+00	4	52	\N
109	SOLDADOR	HR	42.00	15.00	630.00	2025-10-10 15:54:35.570796+00	2025-10-10 15:54:35.570813+00	4	52	\N
110	SOLDADOR	HR	8.00	15.00	120.00	2025-10-10 16:21:19.053716+00	2025-10-10 16:21:19.053733+00	4	53	\N
111	AYUDANTE	HR	8.00	10.00	80.00	2025-10-10 16:21:19.678214+00	2025-10-10 16:21:19.678232+00	4	53	\N
112	AYUDANTE	HR	16.00	10.00	160.00	2025-10-10 16:26:44.584163+00	2025-10-10 16:26:44.58418+00	4	54	\N
113	INGENIERO ELÉCTRICO	HR	16.00	35.00	560.00	2025-10-10 16:26:59.301945+00	2025-10-10 16:26:59.301964+00	4	54	\N
114	ALBAÑIL	HR	32.00	15.00	480.00	2025-10-10 17:12:32.18231+00	2025-10-10 17:12:32.18233+00	4	59	\N
115	AYUDANTE	HR	32.00	10.00	320.00	2025-10-10 17:12:44.55833+00	2025-10-10 17:12:44.558347+00	4	59	\N
116	AYUDANTE	HR	3.20	10.00	32.00	2025-10-10 17:16:40.209839+00	2025-10-10 17:16:40.209859+00	4	60	\N
117	AYUDANTE	HR	3.00	10.00	30.00	2025-10-10 17:23:26.616529+00	2025-10-10 17:23:26.616548+00	4	61	\N
118	AYUDANTE	HR	3.00	10.00	30.00	2025-10-10 17:31:28.116054+00	2025-10-10 17:31:28.116069+00	4	62	\N
119	AYUDANTE	HR	24.00	10.00	240.00	2025-10-10 17:37:19.158933+00	2025-10-10 17:37:19.158951+00	4	63	\N
120	ESPECIALISTA	HR	24.00	15.00	360.00	2025-10-10 17:37:36.446941+00	2025-10-10 17:37:36.446957+00	4	63	\N
121	AYUDANTE	HR	120.00	10.00	1200.00	2025-10-10 17:44:08.991153+00	2025-10-10 17:44:08.99117+00	4	64	\N
122	ESPECIALISTA	HR	120.00	15.00	1800.00	2025-10-10 17:44:28.048484+00	2025-10-10 17:44:28.048502+00	4	64	\N
\.


--
-- TOC entry 3719 (class 0 OID 16655)
-- Dependencies: 259
-- Data for Name: users_materiales; Type: TABLE DATA; Schema: public; Owner: ecuacion_wtpx_user
--

COPY public.users_materiales (id, descripcion, unidad, cantidad, precio_unitario, total, fecha_creacion, fecha_actualizacion, creado_por_id, id_gasto_operacion_id, modificado_por_id) FROM stdin;
1	CEMENTO	KG	600.00	1.48	888.00	2025-10-09 19:02:24.534565+00	2025-10-09 19:02:24.534599+00	4	1	\N
2	ACERO ESTRUCTURAL	KG	120.00	8.50	1020.00	2025-10-09 19:03:10.061006+00	2025-10-09 19:03:10.061025+00	4	1	\N
3	ARENA COMÚN	M3	3.00	500.00	1500.00	2025-10-09 19:04:09.50223+00	2025-10-09 19:04:09.502247+00	4	1	\N
4	ARENA FINA	M3	2.00	350.00	700.00	2025-10-09 19:04:46.393549+00	2025-10-09 19:04:46.393563+00	4	1	\N
5	GRAVA	M3	4.00	650.00	2600.00	2025-10-09 19:05:29.751822+00	2025-10-09 19:05:29.751836+00	4	1	\N
6	PIEDRA MANZANA	M3	2.00	350.00	700.00	2025-10-09 19:06:17.212412+00	2025-10-09 19:06:17.212431+00	4	1	\N
7	LADRILLO CERÁMICO DE 6 HUECOS	PZA	600.00	1.50	900.00	2025-10-09 19:07:07.233728+00	2025-10-09 19:07:07.233746+00	4	1	\N
8	MADERA DE ENCOFRADO	P2	120.00	5.00	600.00	2025-10-09 19:07:59.333534+00	2025-10-09 19:07:59.333548+00	4	1	\N
9	ALAMBRE DE AMARRE	KG	10.00	16.00	160.00	2025-10-09 19:08:41.293557+00	2025-10-09 19:08:41.293572+00	4	1	\N
11	LEYENDA DE LETRERO PINTADO	PZA	1.00	1200.00	1200.00	2025-10-09 19:10:53.520469+00	2025-10-09 19:10:53.520486+00	4	1	\N
10	CLAVO	KG	10.00	16.00	160.00	2025-10-09 19:09:11.984695+00	2025-10-09 19:12:31.627916+00	4	1	4
12	ESTUCO	KG	0.01	1.20	0.01	2025-10-09 20:20:04.567524+00	2025-10-09 20:20:04.567544+00	4	2	\N
13	ESTACAS DE MADERA	PZA	0.08	1.50	0.12	2025-10-09 20:20:54.605663+00	2025-10-09 20:20:54.605683+00	4	2	\N
14	CLAVO	KG	0.00	16.00	0.02	2025-10-09 20:21:35.641712+00	2025-10-09 20:21:35.641733+00	4	2	\N
15	PINTURA AL OLEO	GL	0.00	90.00	0.09	2025-10-09 20:22:17.580897+00	2025-10-09 20:22:17.580911+00	4	2	\N
16	CASETA PARA EL CUIDADOR	GLB	1.00	500.00	500.00	2025-10-09 20:51:43.661311+00	2025-10-09 20:51:43.661353+00	4	5	\N
17	CERCO DE PROTECCIÓN	GLB	1.00	1000.00	1000.00	2025-10-09 20:52:24.518956+00	2025-10-09 20:52:24.518973+00	4	5	\N
18	EQUIPO DE RADIO EN OBRA	GLB	1.00	800.00	800.00	2025-10-09 20:53:17.187713+00	2025-10-09 20:53:17.187732+00	4	5	\N
19	GALPÓN PARA DEPÓSITO	GLB	1.00	1500.00	1500.00	2025-10-09 20:54:14.948363+00	2025-10-09 20:54:14.948379+00	4	5	\N
20	INSTALACIÓN DE AGUA	GLB	1.00	500.00	500.00	2025-10-09 20:55:05.446033+00	2025-10-09 20:55:05.446058+00	4	5	\N
21	INSTALACIÓN ELÉCTRICA	GLB	1.00	500.00	500.00	2025-10-09 20:55:51.152868+00	2025-10-09 20:55:51.152889+00	4	5	\N
22	LABORATORIO EN OBRA	GLB	1.00	1200.00	1200.00	2025-10-09 20:56:42.408096+00	2025-10-09 20:56:42.408112+00	4	5	\N
23	OFICINA DE OBRA	GLB	1.00	2000.00	2000.00	2025-10-09 20:57:25.093779+00	2025-10-09 20:57:25.093801+00	4	5	\N
24	OTROS SERVICIOS	GLB	1.00	500.00	500.00	2025-10-09 20:58:02.330998+00	2025-10-09 20:58:02.331019+00	4	5	\N
25	PORTÓN DE INGRESO	GLB	1.00	850.00	850.00	2025-10-09 20:58:45.469913+00	2025-10-09 20:58:45.469932+00	4	5	\N
26	SANITARIO PARA OBREROS Y PERSONAL	GLB	1.00	1200.00	1200.00	2025-10-09 20:59:43.759748+00	2025-10-09 20:59:43.759763+00	4	5	\N
27	TRASLADO Y RETIRO DE EQUIPOS, MAQUINARIA Y HERRAMIENTAS	GLB	1.00	4000.00	4000.00	2025-10-09 21:00:42.895952+00	2025-10-09 21:00:42.895969+00	4	5	\N
28	MATERIAL GRANULAR PARA RELLENO	M3	1.20	25.00	30.00	2025-10-09 22:34:03.557038+00	2025-10-09 22:34:03.557059+00	4	7	\N
29	CEMENTO	KG	350.00	1.48	518.00	2025-10-09 23:00:55.66407+00	2025-10-09 23:00:55.664086+00	4	8	\N
30	ACERO ESTRUCTURAL	KG	120.00	8.50	1020.00	2025-10-09 23:01:25.427666+00	2025-10-09 23:01:25.427685+00	4	8	\N
31	ARENA COMÚN	M3	0.40	500.00	200.00	2025-10-09 23:01:59.802053+00	2025-10-09 23:01:59.802071+00	4	8	\N
32	GRAVA	M3	0.80	650.00	520.00	2025-10-09 23:02:28.635869+00	2025-10-09 23:02:28.635885+00	4	8	\N
33	MADERA DE ENCOFRADO	P2	70.00	5.00	350.00	2025-10-09 23:03:02.472581+00	2025-10-09 23:03:02.472597+00	4	8	\N
34	ALAMBRE DE AMARRE	KG	2.00	16.00	32.00	2025-10-09 23:03:46.698294+00	2025-10-09 23:03:46.698308+00	4	8	\N
35	CLAVO	KG	1.50	16.00	24.00	2025-10-09 23:04:55.878778+00	2025-10-09 23:04:55.878796+00	4	8	\N
36	CEMENTO	KG	20.00	1.48	29.60	2025-10-09 23:16:47.309434+00	2025-10-09 23:16:47.309449+00	4	9	\N
37	ARENA FINA	M3	0.10	350.00	35.00	2025-10-09 23:18:54.60587+00	2025-10-09 23:18:54.605887+00	4	9	\N
38	CASCOTE DE LADRILLO	M3	0.10	300.00	30.00	2025-10-09 23:19:40.859849+00	2025-10-09 23:19:40.859863+00	4	9	\N
39	ESTUCO	KG	25.00	1.20	30.00	2025-10-09 23:30:26.125529+00	2025-10-09 23:30:26.125545+00	4	10	\N
40	MADERA DE ENCOFRADO	P2	60.00	5.00	300.00	2025-10-09 23:30:54.107739+00	2025-10-09 23:30:54.107757+00	4	10	\N
41	ALAMBRE DE AMARRE	KG	10.00	16.00	160.00	2025-10-09 23:31:16.66081+00	2025-10-09 23:31:16.660828+00	4	10	\N
42	CLAVO	KG	2.00	16.00	32.00	2025-10-09 23:31:49.004744+00	2025-10-09 23:31:49.004765+00	4	10	\N
43	SOLDADURA	KG	2.00	18.00	36.00	2025-10-09 23:39:11.896455+00	2025-10-09 23:39:11.896476+00	4	11	\N
44	PINTURA ANTICORROSIVA	GL	0.20	120.00	24.00	2025-10-09 23:39:55.557285+00	2025-10-09 23:39:55.557302+00	4	11	\N
45	TUBERÍA FG SEGÚN PLANO INCLUYE ACCESORIOS	ML	10.00	30.00	300.00	2025-10-09 23:41:01.059986+00	2025-10-09 23:41:01.060005+00	4	11	\N
46	ACCESORIOS PARA TANQUE ELEVADO, SEGÚN PLANO	GLB	1.00	32000.00	32000.00	2025-10-09 23:48:11.566923+00	2025-10-09 23:48:11.566941+00	4	12	\N
47	CEMENTO	KG	10.00	1.48	14.80	2025-10-09 23:55:42.229731+00	2025-10-09 23:55:42.229752+00	4	13	\N
48	ARENA FINA	M3	0.03	350.00	8.75	2025-10-09 23:56:10.106374+00	2025-10-09 23:56:10.106389+00	4	13	\N
49	SIKA 1 IMPERMEABILIZANTE	KG	0.50	40.00	20.00	2025-10-09 23:56:59.662943+00	2025-10-09 23:56:59.662958+00	4	13	\N
50	SOLDADURA	KG	2.00	18.00	36.00	2025-10-10 00:07:29.553122+00	2025-10-10 00:07:29.553136+00	4	14	\N
51	PINTURA ANTICORROSIVA	GL	0.20	120.00	24.00	2025-10-10 00:08:01.546132+00	2025-10-10 00:08:01.546159+00	4	14	\N
52	TAPA METÁLICA (PLANCHA 3/16" - ANGULAR 3/4 X 1/8")	M2	1.10	2000.00	2200.00	2025-10-10 00:09:38.732525+00	2025-10-10 00:09:38.73254+00	4	14	\N
53	TUBERÍA PVC E-40 (E-C) D=2 PULG	ML	1.03	19.00	19.57	2025-10-10 01:44:00.869331+00	2025-10-10 01:44:00.869352+00	4	17	\N
54	LUBRICANTE PARA PVC	LT	0.04	25.00	1.00	2025-10-10 01:44:45.68702+00	2025-10-10 01:44:45.687035+00	4	17	\N
55	TIERRA CERNIDA	M3	1.20	20.00	24.00	2025-10-10 01:51:57.436083+00	2025-10-10 01:51:57.4361+00	4	18	\N
56	TUBERÍA PVC E-40 (E-C) D=6 PULG	ML	1.03	98.00	100.94	2025-10-10 01:57:38.783665+00	2025-10-10 01:57:38.783681+00	4	19	\N
57	LUBRICANTE PARA PVC	LT	0.04	25.00	1.00	2025-10-10 01:58:06.23497+00	2025-10-10 01:58:06.234986+00	4	19	\N
58	ACCESORIOS RED DE DISTRIBUCIÓN, SEGÚN PLANO	GLB	1.00	35000.00	35000.00	2025-10-10 02:03:50.180875+00	2025-10-10 02:03:50.180892+00	4	20	\N
59	TUBERIA PVC E-40 (J.R.) D=3 PULG	ML	1.03	38.00	39.14	2025-10-10 02:08:52.778488+00	2025-10-10 02:08:52.778505+00	4	21	\N
60	LUBRICANTE PARA PVC	LT	0.04	25.00	1.00	2025-10-10 02:09:18.605535+00	2025-10-10 02:09:18.605556+00	4	21	\N
61	TUBERÍA PVC 4" ESQ 40	ML	1.05	50.00	52.50	2025-10-10 02:15:35.922661+00	2025-10-10 02:15:35.922683+00	4	22	\N
62	LUBRICANTE PARA PVC	LT	0.04	25.00	1.00	2025-10-10 02:15:58.300685+00	2025-10-10 02:15:58.300704+00	4	22	\N
63	AGUA POTABLE	LT	5.00	0.03	0.13	2025-10-10 02:21:08.157453+00	2025-10-10 02:21:08.157471+00	4	23	\N
64	AGUA POTABLE	LT	3.00	0.03	0.08	2025-10-10 02:25:47.190178+00	2025-10-10 02:25:47.190199+00	4	24	\N
65	HIPOCLORITO AL 70%	KG	0.01	30.00	0.30	2025-10-10 02:26:41.498502+00	2025-10-10 02:26:41.498516+00	4	24	\N
66	CÁMARA DE INSPECCIÓN DE HºCº 80X80 CM, SEGÚN DISEÑO	PZA	1.00	3500.00	3500.00	2025-10-10 03:03:17.066311+00	2025-10-10 03:03:17.066333+00	4	26	\N
67	ACCESORIOS CAMARA DE VALVULAS, SEGÚN DISEÑO	GLB	1.00	15000.00	15000.00	2025-10-10 03:08:35.504916+00	2025-10-10 03:08:35.504931+00	4	27	\N
68	MATERIAL ACOMETIDA DE AGUA POTABLE, SEGÚN DISEÑO	PZA	1.00	1200.00	1200.00	2025-10-10 03:24:08.283205+00	2025-10-10 03:24:08.28322+00	4	28	\N
69	MEDIDOR DE AGUA 1/2" INCLUYE ACCESORIOS SEGÚN DISEÑO	PZA	1.00	220.00	220.00	2025-10-10 03:29:58.033853+00	2025-10-10 03:29:58.033868+00	4	29	\N
70	CEMENTO	KG	5.00	1.48	7.40	2025-10-10 03:37:08.401053+00	2025-10-10 03:37:08.401069+00	4	30	\N
71	ARENA COMÚN	M3	0.02	500.00	10.00	2025-10-10 03:37:11.739755+00	2025-10-10 03:37:11.739773+00	4	30	\N
72	GRAVA	M3	0.04	650.00	26.00	2025-10-10 03:37:39.753511+00	2025-10-10 03:37:39.753525+00	4	30	\N
73	CAJA PLASTICO PARA MEDIDOR DE AGUA	PZA	1.00	300.00	300.00	2025-10-10 03:38:21.961455+00	2025-10-10 03:38:21.961472+00	4	30	\N
74	BOMBA ELÉCTRICA CENTRÍFUGA 15 HP INCLUYE ACCESORIOS	PZA	1.00	38684.50	38684.50	2025-10-10 12:47:08.820924+00	2025-10-10 12:47:08.820941+00	4	31	\N
75	CEMENTO	KG	10.00	1.48	14.80	2025-10-10 12:56:26.726141+00	2025-10-10 12:56:26.726161+00	4	32	\N
76	ARENA FINA	M3	0.06	350.00	21.00	2025-10-10 12:56:47.779456+00	2025-10-10 12:56:47.779471+00	4	32	\N
77	LADRILLO CERÁMICO DE 6 HUECOS	PZA	30.00	1.50	45.00	2025-10-10 12:57:14.724957+00	2025-10-10 12:57:14.724974+00	4	32	\N
78	SOLDADURA	KG	2.00	18.00	36.00	2025-10-10 13:01:16.44178+00	2025-10-10 13:01:16.441794+00	4	33	\N
79	PINTURA ANTICORROSIVA	GL	0.20	120.00	24.00	2025-10-10 13:01:41.757848+00	2025-10-10 13:01:41.757865+00	4	33	\N
80	PUERTA METÁLICA INCLUYE BISAGRAS Y CHAPA, SEGÚN PLANO	M2	1.10	2500.00	2750.00	2025-10-10 13:02:43.114053+00	2025-10-10 13:02:43.114065+00	4	33	\N
81	PERFIL COSTANERAS	ML	2.00	25.00	50.00	2025-10-10 13:11:25.347464+00	2025-10-10 13:11:25.347483+00	4	34	\N
82	PINTURA ANTICORROSIVA	GL	0.05	120.00	6.00	2025-10-10 13:11:54.787011+00	2025-10-10 13:11:54.787025+00	4	34	\N
83	CALAMINA PREPINTADA ONDULADA Nº 28	M2	1.20	42.00	50.40	2025-10-10 13:12:50.934781+00	2025-10-10 13:12:50.934796+00	4	34	\N
84	ESTRUCTURA METALICA INCLUYE ACCESORIOS SEGÚN PLANO	M2	1.00	25.00	25.00	2025-10-10 13:13:46.134744+00	2025-10-10 13:13:46.134758+00	4	34	\N
85	GANCHOS J PARA SUJECIÓN	PZA	1.50	7.00	10.50	2025-10-10 13:14:28.892651+00	2025-10-10 13:14:28.892668+00	4	34	\N
86	CEMENTO	KG	10.00	1.48	14.80	2025-10-10 13:19:39.465164+00	2025-10-10 13:19:39.465182+00	4	35	\N
87	ARENA FINA	M3	0.05	350.00	17.50	2025-10-10 13:20:03.40354+00	2025-10-10 13:20:03.403557+00	4	35	\N
88	PINTURA LATEX	GL	0.12	120.00	14.40	2025-10-10 13:27:13.8711+00	2025-10-10 13:27:13.871118+00	4	36	\N
90	LIJA	HOJ	0.50	5.00	2.50	2025-10-10 13:28:18.215088+00	2025-10-10 13:28:18.215105+00	4	36	\N
127	CAL HIDRATADA	KG	200.00	5.00	1000.00	2025-10-10 15:35:40.353947+00	2025-10-10 15:35:40.353962+00	4	51	\N
89	SELLADOR DE PAREDES	GL	0.10	100.00	10.00	2025-10-10 13:27:47.792146+00	2025-10-10 13:28:35.539598+00	4	36	4
91	VENTANA DE MADERA Y REJA DE PROTECCIÓN (ACERO LISO 3/8")	M2	1.00	1000.00	1000.00	2025-10-10 13:36:05.992393+00	2025-10-10 13:36:05.992407+00	4	37	\N
92	PASO PEATONAL, SEGÚN PLANO	PZA	1.00	300.00	300.00	2025-10-10 13:46:24.598524+00	2025-10-10 13:46:24.59854+00	4	38	\N
94	LETRINA ECOLOGICA, SEGÚN DISEÑO	PZA	1.00	5600.00	5600.00	2025-10-10 14:02:10.203638+00	2025-10-10 14:02:10.203657+00	4	39	\N
95	CONTENEDORES DE RESIDUOS SÓLIDOS	PZA	1.00	750.00	750.00	2025-10-10 14:09:50.754194+00	2025-10-10 14:09:50.754211+00	4	40	\N
96	TURRIL PARA GRASAS	PZA	1.00	200.00	200.00	2025-10-10 14:13:57.984913+00	2025-10-10 14:13:57.984927+00	4	41	\N
97	TURRIL PARA ACEITE	PZA	1.00	200.00	200.00	2025-10-10 14:14:30.450261+00	2025-10-10 14:14:30.450276+00	4	41	\N
98	GEOMEMBRANA DE POLIETILENO DE ALTA DENSIDAD (HDPE)	M2	20.00	120.00	2400.00	2025-10-10 14:15:38.666036+00	2025-10-10 14:15:38.666052+00	4	41	\N
99	SEÑALIZACIÓN AMBIENTAL, SEGÚN PLANO	PZA	1.00	800.00	800.00	2025-10-10 14:21:01.835522+00	2025-10-10 14:21:01.83554+00	4	42	\N
100	ENVASE PLASTICO ESTERILIZADO	PZA	4.00	30.00	120.00	2025-10-10 14:26:35.643208+00	2025-10-10 14:26:35.643223+00	4	43	\N
101	HIELERA	PZA	1.00	200.00	200.00	2025-10-10 14:27:07.099692+00	2025-10-10 14:27:07.099706+00	4	43	\N
102	HIELO	KG	4.00	5.00	20.00	2025-10-10 14:27:37.033822+00	2025-10-10 14:27:37.03384+00	4	43	\N
103	LABORATORIO ANÁLISIS DE AGUA	GLB	1.00	810.00	810.00	2025-10-10 14:28:18.628977+00	2025-10-10 14:28:18.628997+00	4	43	\N
104	CEMENTO	KG	20.00	1.48	29.60	2025-10-10 14:37:05.822653+00	2025-10-10 14:37:05.822672+00	4	44	\N
105	ARENA FINA	M3	0.10	350.00	35.00	2025-10-10 14:37:24.952124+00	2025-10-10 14:37:24.952138+00	4	44	\N
106	CASCOTE DE LADRILLO	M3	0.10	300.00	30.00	2025-10-10 14:37:55.686965+00	2025-10-10 14:37:55.686981+00	4	44	\N
107	CEMENTO	KG	350.00	1.48	518.00	2025-10-10 14:43:57.993233+00	2025-10-10 14:43:57.993248+00	4	45	\N
108	ACERO ESTRUCTURAL	KG	120.00	8.50	1020.00	2025-10-10 14:44:17.850979+00	2025-10-10 14:44:17.850991+00	4	45	\N
109	ARENA COMÚN	M3	0.40	500.00	200.00	2025-10-10 14:44:43.453382+00	2025-10-10 14:44:43.4534+00	4	45	\N
110	GRAVA	M3	0.80	650.00	520.00	2025-10-10 14:45:04.623209+00	2025-10-10 14:45:04.623223+00	4	45	\N
111	MADERA DE ENCOFRADO	P2	70.00	5.00	350.00	2025-10-10 14:45:30.769155+00	2025-10-10 14:45:30.769172+00	4	45	\N
112	ALAMBRE DE AMARRE	KG	2.00	16.00	32.00	2025-10-10 14:45:51.351534+00	2025-10-10 14:45:51.351551+00	4	45	\N
113	CLAVO	KG	1.50	16.00	24.00	2025-10-10 14:46:15.03328+00	2025-10-10 14:46:15.033322+00	4	45	\N
114	SOLDADURA	KG	1.00	18.00	18.00	2025-10-10 15:00:00.96339+00	2025-10-10 15:00:00.963407+00	4	46	\N
115	PINTURA ANTICORROSIVA	GL	0.20	120.00	24.00	2025-10-10 15:00:28.594152+00	2025-10-10 15:00:28.594166+00	4	46	\N
116	TUBERÍA FG 6"	ML	1.02	580.00	591.60	2025-10-10 15:01:13.461249+00	2025-10-10 15:01:13.461264+00	4	46	\N
117	CABLE DE COBRE	KG	24.00	120.00	2880.00	2025-10-10 15:07:04.612918+00	2025-10-10 15:07:04.612934+00	4	47	\N
118	CABLE ELÉCTRICO ACOMETIDA	ML	60.00	48.00	2880.00	2025-10-10 15:07:47.684837+00	2025-10-10 15:07:47.684856+00	4	47	\N
119	JABALINA	PZA	5.00	500.00	2500.00	2025-10-10 15:08:16.319788+00	2025-10-10 15:08:16.319806+00	4	47	\N
120	MATERIAL ACOMETIDA DE AGUA POTABLE, SEGÚN DISEÑO	PZA	1.00	1200.00	1200.00	2025-10-10 15:16:41.950195+00	2025-10-10 15:16:41.950208+00	4	48	\N
121	CEMENTO	KG	100.00	1.48	148.00	2025-10-10 15:23:27.559005+00	2025-10-10 15:23:27.559025+00	4	49	\N
122	ARENA COMÚN	M3	0.40	500.00	200.00	2025-10-10 15:23:51.758662+00	2025-10-10 15:23:51.75868+00	4	49	\N
123	GRAVA	M3	0.60	650.00	390.00	2025-10-10 15:24:09.696023+00	2025-10-10 15:24:09.696043+00	4	49	\N
124	PLACA DE ENTREGA DE OBRA	PZA	1.00	1250.00	1250.00	2025-10-10 15:24:41.863961+00	2025-10-10 15:24:41.863977+00	4	49	\N
125	TUBERÍA PVC E-40 (E-C) D=6 PULG	ML	1.03	98.00	100.94	2025-10-10 15:30:22.656837+00	2025-10-10 15:30:22.656851+00	4	50	\N
126	LUBRICANTE PARA PVC	LT	0.04	25.00	1.00	2025-10-10 15:30:51.077198+00	2025-10-10 15:30:51.077212+00	4	50	\N
128	HIPOCLORITO DE CALCIO	KG	200.00	30.00	6000.00	2025-10-10 15:36:25.394017+00	2025-10-10 15:36:25.394033+00	4	51	\N
130	SULFATO DE ALUMINIO	KG	200.00	10.00	2000.00	2025-10-10 15:38:08.022519+00	2025-10-10 15:38:08.022534+00	4	51	\N
131	PERFIL COSTANERAS	ML	36.00	25.00	900.00	2025-10-10 15:51:13.07988+00	2025-10-10 15:51:13.079894+00	4	52	\N
129	PTAP COMPACTA ABIERTA METALICA 30 M3/HR	PZA	1.00	878784.22	878784.22	2025-10-10 15:37:32.238315+00	2025-10-10 15:38:30.486744+00	4	51	4
132	PINTURA ANTICORROSIVA	GL	4.00	120.00	480.38	2025-10-10 15:51:45.337867+00	2025-10-10 15:51:45.337884+00	4	52	\N
133	CALAMINA PREPINTADA ONDULADA Nº 28	M2	12.00	42.00	504.00	2025-10-10 15:52:16.26319+00	2025-10-10 15:52:16.263212+00	4	52	\N
134	ESTRUCTURA METALICA INCLUYE ACCESORIOS SEGÚN PLANO	M2	12.00	25.00	300.00	2025-10-10 15:52:54.707968+00	2025-10-10 15:52:54.707996+00	4	52	\N
135	TUBERÍA FG 6"	ML	12.00	580.00	6960.00	2025-10-10 15:53:26.305323+00	2025-10-10 15:53:26.305341+00	4	52	\N
136	GANCHOS J PARA SUJECIÓN	PZA	30.00	7.00	210.00	2025-10-10 15:53:56.795177+00	2025-10-10 15:53:56.795195+00	4	52	\N
137	ACERO ESTRUCTURAL	KG	12.00	8.50	102.00	2025-10-10 16:19:12.869253+00	2025-10-10 16:19:12.869268+00	4	53	\N
138	PERFIL ANGULAR 2 X 1/8"	ML	3.00	60.00	180.00	2025-10-10 16:19:54.318685+00	2025-10-10 16:19:54.318702+00	4	53	\N
139	SOLDADURA	KG	1.20	18.00	21.60	2025-10-10 16:20:16.383385+00	2025-10-10 16:20:16.383402+00	4	53	\N
140	PINTURA ANTICORROSIVA	GL	0.25	120.00	30.00	2025-10-10 16:20:39.436552+00	2025-10-10 16:20:39.43657+00	4	53	\N
141	TABLERO DE DISTRIBUCIÓN	PZA	1.00	5000.00	5000.00	2025-10-10 16:26:27.680676+00	2025-10-10 16:26:27.68069+00	4	54	\N
142	CÁMARA DE INSPECCIÓN DE HºCº 80X80 CM, SEGÚN DISEÑO	PZA	1.00	3500.00	3500.00	2025-10-10 17:12:13.544899+00	2025-10-10 17:12:13.544912+00	4	59	\N
143	TIERRA CERNIDA	M3	1.20	20.00	24.00	2025-10-10 17:23:36.059075+00	2025-10-10 17:23:36.059092+00	4	61	\N
144	PINTADO ARTISTICO OBRA FPS	GLB	1.00	18004.56	18004.56	2025-10-10 17:43:47.883727+00	2025-10-10 17:43:47.883741+00	4	64	\N
\.


--
-- TOC entry 3717 (class 0 OID 16649)
-- Dependencies: 257
-- Data for Name: users_modulo; Type: TABLE DATA; Schema: public; Owner: ecuacion_wtpx_user
--

COPY public.users_modulo (id, codigo, nombre, fecha_creacion, fecha_actualizacion, creado_por_id, modificado_por_id, proyecto_id) FROM stdin;
1	001	INSTALACIÓN DE FAENAS	2025-10-09 17:16:38.957801+00	2025-10-09 17:16:38.957821+00	4	4	1
2	002	OBRA GRUESA	2025-10-09 17:16:59.336115+00	2025-10-09 17:16:59.336131+00	4	4	1
5	003	RED DE DISTRIBUCIÓN	2025-10-10 00:18:37.432426+00	2025-10-10 00:18:37.432443+00	4	4	1
6	004	CONEXIÓN DOMICILIARIA	2025-10-10 03:20:49.612271+00	2025-10-10 03:20:49.612292+00	4	4	1
7	005	SISTEMA DE BOMBEO	2025-10-10 12:41:46.890476+00	2025-10-10 12:41:46.890491+00	4	4	1
8	006	CASETA DE BOMBEO Y CLORACIÓN	2025-10-10 12:52:27.58148+00	2025-10-10 12:52:27.581494+00	4	4	1
9	007	MEDIDAS DE MITIGACION AMBIENTAL Y DE ADAPTACIÓN AL CAMBIO CLIMÁTICO	2025-10-10 13:41:26.310016+00	2025-10-10 13:41:26.310035+00	4	4	1
10	008	PLANTA DE TRATAMIENTO DE AGUA POTABLE 30 M3/HR	2025-10-10 14:32:39.263898+00	2025-10-10 14:32:39.263911+00	4	4	1
\.


--
-- TOC entry 3707 (class 0 OID 16609)
-- Dependencies: 247
-- Data for Name: users_permiso; Type: TABLE DATA; Schema: public; Owner: ecuacion_wtpx_user
--

COPY public.users_permiso (id, nombre, estado) FROM stdin;
1	GestionDeUsuarios	t
2	ListarRoles	t
3	ListarPermisos	t
4	ListarUsuarios	t
5	ListarUsuarioRol	t
6	ListarRolPermiso	t
7	Operaciones	t
8	GastosOperaciones	t
9	Reportes	t
10	ReporteSQL	t
11	ReporteXSS	t
12	ReporteCSRF	t
13	ReporteDoS	t
14	ReporteKeylogger	t
15	ReporteAuditoria	t
16	ReporteIAGeneral	t
\.


--
-- TOC entry 3715 (class 0 OID 16641)
-- Dependencies: 255
-- Data for Name: users_proyecto; Type: TABLE DATA; Schema: public; Owner: ecuacion_wtpx_user
--

COPY public.users_proyecto (id_general, "NombreProyecto", carga_social, iva_efectiva, herramientas, gastos_generales, iva_tasa_nominal, it, iue, ganancia, a_costo_venta, b_margen_utilidad, porcentaje_global_100, fecha_creacion, fecha_actualizacion, creado_por_id, modificado_por_id) FROM stdin;
1	AMPLIACIÓN DE RED Y CONSTRUCCIÓN PLANTA DE TRATAMIENTO DE AGUA POTABLE	55.00	14.94	2.00	3.00	13.00	3.00	25.00	50.00	81.93	5.07	100.00	2025-10-09 17:15:27.963831+00	2025-10-14 16:53:12.587289+00	4	1
2	ENLOSETADO	55.00	14.94	5.00	12.00	13.00	3.00	25.00	50.00	77.00	10.00	100.00	2025-10-09 17:24:09.800932+00	2025-10-14 16:51:10.309066+00	4	1
\.


--
-- TOC entry 3709 (class 0 OID 16615)
-- Dependencies: 249
-- Data for Name: users_rol; Type: TABLE DATA; Schema: public; Owner: ecuacion_wtpx_user
--

COPY public.users_rol (id, nombre, estado) FROM stdin;
1	Administrador	t
2	Colaborador	t
3	Asistente	t
\.


--
-- TOC entry 3731 (class 0 OID 16711)
-- Dependencies: 271
-- Data for Name: users_rolpermiso; Type: TABLE DATA; Schema: public; Owner: ecuacion_wtpx_user
--

COPY public.users_rolpermiso (id, permiso_id, rol_id) FROM stdin;
1	1	1
2	2	1
3	3	1
4	4	1
5	5	1
6	6	1
7	7	1
8	8	1
9	9	1
10	10	1
11	11	1
12	12	1
13	13	1
14	14	1
15	15	1
16	16	1
17	7	2
18	8	2
19	9	3
20	10	3
21	11	3
22	12	3
23	13	3
24	14	3
25	15	3
26	16	3
\.


--
-- TOC entry 3713 (class 0 OID 16633)
-- Dependencies: 253
-- Data for Name: users_temppasswordreset; Type: TABLE DATA; Schema: public; Owner: ecuacion_wtpx_user
--

COPY public.users_temppasswordreset (id, token, temp_password, creado_en, usado, expirado, usuario_id) FROM stdin;
\.


--
-- TOC entry 3711 (class 0 OID 16621)
-- Dependencies: 251
-- Data for Name: users_usuario; Type: TABLE DATA; Schema: public; Owner: ecuacion_wtpx_user
--

COPY public.users_usuario (id, nombre, apellido, fecha_nacimiento, telefono, correo, password, ci, fecha_creacion, fecha_actualizacion, imagen_url, estado, intentos_fallidos, ultimo_intento, fecha_cambio_password, logins_exitosos, tipo_2fa, secret_2fa) FROM stdin;
2	Juan Carlos	Pérez	1990-05-15	78945612	CarlaMamani0000087985@gmail.com	pbkdf2_sha256$600000$bdVg9AT7sLaOzjBKFOnsdB$b3fL8Lf6YzYZGwGDRaDuXp9OYi5h4KuVL9KpTTvvIck=	87654321	2025-10-07 01:50:22.93014+00	2025-10-07 01:50:22.930167+00	https://res.cloudinary.com/dlrpns8z7/image/upload/v1743595809/sample-image.jpg	t	0	\N	\N	0	correo	\N
3	Luis	Ramirez	1995-07-10	70123456	luis.ramirez@example.com	pbkdf2_sha256$600000$n5aUbc2F3cAecr7zqY2OGJ$WlsChzlqDtBm7c/PW9bLEsrY+xfw6sKdiT3igur1sYI=	87654322	2025-10-07 01:50:25.154122+00	2025-10-07 01:50:25.154135+00	https://res.cloudinary.com/dlrpns8z7/image/upload/v1743595809/sample-image.jpg	t	0	\N	\N	0	correo	\N
4	Agapito	Yucra Ortiz	1973-09-10	71121290	mallafinitasrl@gmail.com	pbkdf2_sha256$600000$bsPCbfZ4GQD2EhiPy5Q1D1$vvoUjWKvTFKhW6W62AIcpdCAkgi5O/YyLVmztwRAIZU=	3708538	2025-10-09 17:03:56.150355+00	2025-10-11 20:24:21.664417+00	http://res.cloudinary.com/dexggkhkd/image/upload/v1760029434/xfi2ng1yqjuqys59vcv8.png	t	0	2025-10-11 20:24:21.66415+00	\N	7	correo	QRL23DKJNL4DZEI3LFJ27XFW3U3MV5OF
5	Admin	Prueba	1990-01-01	12345678	admin@ejemplo.com	pbkdf2_sha256$600000$w4LIskRKy0YEv28snal2mT$7WIggkUPA93n4kSmRHGmdKHA1dhEWe/dFbK/kRBPIPg=	12345678	2025-10-14 00:27:37.75598+00	2025-10-14 00:27:37.756016+00	\N	t	0	\N	\N	0	correo	\N
1	Andres Benito	Yucra	1998-11-06	72937437	benitoandrescalle035@gmail.com	pbkdf2_sha256$600000$f4TGQ51cBpggOSXwpSmINX$vEovDTYco595W4ltnwuG4mUdv3zKOlM5OS2XMr6Y/pI=	13247291	2025-10-07 01:50:19.840314+00	2025-10-14 16:49:07.854374+00	https://res.cloudinary.com/dlrpns8z7/image/upload/v1743595809/fnsesmm80hgwelhyzaie.jpg	t	0	2025-10-14 16:49:07.854123+00	\N	105	correo	QCMWGIN3CN3QYBCDSRGY5G47H2AGG2RT
\.


--
-- TOC entry 3729 (class 0 OID 16705)
-- Dependencies: 269
-- Data for Name: users_usuariorol; Type: TABLE DATA; Schema: public; Owner: ecuacion_wtpx_user
--

COPY public.users_usuariorol (id, rol_id, usuario_id) FROM stdin;
1	1	1
2	2	2
3	3	3
4	1	4
\.


--
-- TOC entry 3739 (class 0 OID 0)
-- Dependencies: 223
-- Name: auth_group_id_seq; Type: SEQUENCE SET; Schema: public; Owner: ecuacion_wtpx_user
--

SELECT pg_catalog.setval('public.auth_group_id_seq', 1, false);


--
-- TOC entry 3740 (class 0 OID 0)
-- Dependencies: 225
-- Name: auth_group_permissions_id_seq; Type: SEQUENCE SET; Schema: public; Owner: ecuacion_wtpx_user
--

SELECT pg_catalog.setval('public.auth_group_permissions_id_seq', 1, false);


--
-- TOC entry 3741 (class 0 OID 0)
-- Dependencies: 221
-- Name: auth_permission_id_seq; Type: SEQUENCE SET; Schema: public; Owner: ecuacion_wtpx_user
--

SELECT pg_catalog.setval('public.auth_permission_id_seq', 100, true);


--
-- TOC entry 3742 (class 0 OID 0)
-- Dependencies: 229
-- Name: auth_user_groups_id_seq; Type: SEQUENCE SET; Schema: public; Owner: ecuacion_wtpx_user
--

SELECT pg_catalog.setval('public.auth_user_groups_id_seq', 1, false);


--
-- TOC entry 3743 (class 0 OID 0)
-- Dependencies: 227
-- Name: auth_user_id_seq; Type: SEQUENCE SET; Schema: public; Owner: ecuacion_wtpx_user
--

SELECT pg_catalog.setval('public.auth_user_id_seq', 1, false);


--
-- TOC entry 3744 (class 0 OID 0)
-- Dependencies: 231
-- Name: auth_user_user_permissions_id_seq; Type: SEQUENCE SET; Schema: public; Owner: ecuacion_wtpx_user
--

SELECT pg_catalog.setval('public.auth_user_user_permissions_id_seq', 1, false);


--
-- TOC entry 3745 (class 0 OID 0)
-- Dependencies: 233
-- Name: django_admin_log_id_seq; Type: SEQUENCE SET; Schema: public; Owner: ecuacion_wtpx_user
--

SELECT pg_catalog.setval('public.django_admin_log_id_seq', 1, false);


--
-- TOC entry 3746 (class 0 OID 0)
-- Dependencies: 219
-- Name: django_content_type_id_seq; Type: SEQUENCE SET; Schema: public; Owner: ecuacion_wtpx_user
--

SELECT pg_catalog.setval('public.django_content_type_id_seq', 25, true);


--
-- TOC entry 3747 (class 0 OID 0)
-- Dependencies: 217
-- Name: django_migrations_id_seq; Type: SEQUENCE SET; Schema: public; Owner: ecuacion_wtpx_user
--

SELECT pg_catalog.setval('public.django_migrations_id_seq', 37, true);


--
-- TOC entry 3748 (class 0 OID 0)
-- Dependencies: 235
-- Name: otp_static_staticdevice_id_seq; Type: SEQUENCE SET; Schema: public; Owner: ecuacion_wtpx_user
--

SELECT pg_catalog.setval('public.otp_static_staticdevice_id_seq', 1, false);


--
-- TOC entry 3749 (class 0 OID 0)
-- Dependencies: 237
-- Name: otp_static_statictoken_id_seq; Type: SEQUENCE SET; Schema: public; Owner: ecuacion_wtpx_user
--

SELECT pg_catalog.setval('public.otp_static_statictoken_id_seq', 1, false);


--
-- TOC entry 3750 (class 0 OID 0)
-- Dependencies: 239
-- Name: otp_totp_totpdevice_id_seq; Type: SEQUENCE SET; Schema: public; Owner: ecuacion_wtpx_user
--

SELECT pg_catalog.setval('public.otp_totp_totpdevice_id_seq', 1, false);


--
-- TOC entry 3751 (class 0 OID 0)
-- Dependencies: 242
-- Name: users_atacante_id_seq; Type: SEQUENCE SET; Schema: public; Owner: ecuacion_wtpx_user
--

SELECT pg_catalog.setval('public.users_atacante_id_seq', 228, true);


--
-- TOC entry 3752 (class 0 OID 0)
-- Dependencies: 272
-- Name: users_auditoriaevento_id_seq; Type: SEQUENCE SET; Schema: public; Owner: ecuacion_wtpx_user
--

SELECT pg_catalog.setval('public.users_auditoriaevento_id_seq', 1, true);


--
-- TOC entry 3753 (class 0 OID 0)
-- Dependencies: 266
-- Name: users_codigo2fa_id_seq; Type: SEQUENCE SET; Schema: public; Owner: ecuacion_wtpx_user
--

SELECT pg_catalog.setval('public.users_codigo2fa_id_seq', 25, true);


--
-- TOC entry 3754 (class 0 OID 0)
-- Dependencies: 264
-- Name: users_equipoherramienta_id_seq; Type: SEQUENCE SET; Schema: public; Owner: ecuacion_wtpx_user
--

SELECT pg_catalog.setval('public.users_equipoherramienta_id_seq', 19, true);


--
-- TOC entry 3755 (class 0 OID 0)
-- Dependencies: 244
-- Name: users_gastooperacion_id_seq; Type: SEQUENCE SET; Schema: public; Owner: ecuacion_wtpx_user
--

SELECT pg_catalog.setval('public.users_gastooperacion_id_seq', 64, true);


--
-- TOC entry 3756 (class 0 OID 0)
-- Dependencies: 262
-- Name: users_gastosgenerales_id_seq; Type: SEQUENCE SET; Schema: public; Owner: ecuacion_wtpx_user
--

SELECT pg_catalog.setval('public.users_gastosgenerales_id_seq', 58, true);


--
-- TOC entry 3757 (class 0 OID 0)
-- Dependencies: 260
-- Name: users_manodeobra_id_seq; Type: SEQUENCE SET; Schema: public; Owner: ecuacion_wtpx_user
--

SELECT pg_catalog.setval('public.users_manodeobra_id_seq', 122, true);


--
-- TOC entry 3758 (class 0 OID 0)
-- Dependencies: 258
-- Name: users_materiales_id_seq; Type: SEQUENCE SET; Schema: public; Owner: ecuacion_wtpx_user
--

SELECT pg_catalog.setval('public.users_materiales_id_seq', 144, true);


--
-- TOC entry 3759 (class 0 OID 0)
-- Dependencies: 256
-- Name: users_modulo_id_seq; Type: SEQUENCE SET; Schema: public; Owner: ecuacion_wtpx_user
--

SELECT pg_catalog.setval('public.users_modulo_id_seq', 10, true);


--
-- TOC entry 3760 (class 0 OID 0)
-- Dependencies: 246
-- Name: users_permiso_id_seq; Type: SEQUENCE SET; Schema: public; Owner: ecuacion_wtpx_user
--

SELECT pg_catalog.setval('public.users_permiso_id_seq', 16, true);


--
-- TOC entry 3761 (class 0 OID 0)
-- Dependencies: 254
-- Name: users_proyecto_id_general_seq; Type: SEQUENCE SET; Schema: public; Owner: ecuacion_wtpx_user
--

SELECT pg_catalog.setval('public.users_proyecto_id_general_seq', 3, true);


--
-- TOC entry 3762 (class 0 OID 0)
-- Dependencies: 248
-- Name: users_rol_id_seq; Type: SEQUENCE SET; Schema: public; Owner: ecuacion_wtpx_user
--

SELECT pg_catalog.setval('public.users_rol_id_seq', 3, true);


--
-- TOC entry 3763 (class 0 OID 0)
-- Dependencies: 270
-- Name: users_rolpermiso_id_seq; Type: SEQUENCE SET; Schema: public; Owner: ecuacion_wtpx_user
--

SELECT pg_catalog.setval('public.users_rolpermiso_id_seq', 26, true);


--
-- TOC entry 3764 (class 0 OID 0)
-- Dependencies: 252
-- Name: users_temppasswordreset_id_seq; Type: SEQUENCE SET; Schema: public; Owner: ecuacion_wtpx_user
--

SELECT pg_catalog.setval('public.users_temppasswordreset_id_seq', 1, false);


--
-- TOC entry 3765 (class 0 OID 0)
-- Dependencies: 250
-- Name: users_usuario_id_seq; Type: SEQUENCE SET; Schema: public; Owner: ecuacion_wtpx_user
--

SELECT pg_catalog.setval('public.users_usuario_id_seq', 5, true);


--
-- TOC entry 3766 (class 0 OID 0)
-- Dependencies: 268
-- Name: users_usuariorol_id_seq; Type: SEQUENCE SET; Schema: public; Owner: ecuacion_wtpx_user
--

SELECT pg_catalog.setval('public.users_usuariorol_id_seq', 4, true);


--
-- TOC entry 3372 (class 2606 OID 16533)
-- Name: auth_group auth_group_name_key; Type: CONSTRAINT; Schema: public; Owner: ecuacion_wtpx_user
--

ALTER TABLE ONLY public.auth_group
    ADD CONSTRAINT auth_group_name_key UNIQUE (name);


--
-- TOC entry 3377 (class 2606 OID 16464)
-- Name: auth_group_permissions auth_group_permissions_group_id_permission_id_0cd325b0_uniq; Type: CONSTRAINT; Schema: public; Owner: ecuacion_wtpx_user
--

ALTER TABLE ONLY public.auth_group_permissions
    ADD CONSTRAINT auth_group_permissions_group_id_permission_id_0cd325b0_uniq UNIQUE (group_id, permission_id);


--
-- TOC entry 3380 (class 2606 OID 16433)
-- Name: auth_group_permissions auth_group_permissions_pkey; Type: CONSTRAINT; Schema: public; Owner: ecuacion_wtpx_user
--

ALTER TABLE ONLY public.auth_group_permissions
    ADD CONSTRAINT auth_group_permissions_pkey PRIMARY KEY (id);


--
-- TOC entry 3374 (class 2606 OID 16425)
-- Name: auth_group auth_group_pkey; Type: CONSTRAINT; Schema: public; Owner: ecuacion_wtpx_user
--

ALTER TABLE ONLY public.auth_group
    ADD CONSTRAINT auth_group_pkey PRIMARY KEY (id);


--
-- TOC entry 3367 (class 2606 OID 16455)
-- Name: auth_permission auth_permission_content_type_id_codename_01ab375a_uniq; Type: CONSTRAINT; Schema: public; Owner: ecuacion_wtpx_user
--

ALTER TABLE ONLY public.auth_permission
    ADD CONSTRAINT auth_permission_content_type_id_codename_01ab375a_uniq UNIQUE (content_type_id, codename);


--
-- TOC entry 3369 (class 2606 OID 16419)
-- Name: auth_permission auth_permission_pkey; Type: CONSTRAINT; Schema: public; Owner: ecuacion_wtpx_user
--

ALTER TABLE ONLY public.auth_permission
    ADD CONSTRAINT auth_permission_pkey PRIMARY KEY (id);


--
-- TOC entry 3388 (class 2606 OID 16447)
-- Name: auth_user_groups auth_user_groups_pkey; Type: CONSTRAINT; Schema: public; Owner: ecuacion_wtpx_user
--

ALTER TABLE ONLY public.auth_user_groups
    ADD CONSTRAINT auth_user_groups_pkey PRIMARY KEY (id);


--
-- TOC entry 3391 (class 2606 OID 16479)
-- Name: auth_user_groups auth_user_groups_user_id_group_id_94350c0c_uniq; Type: CONSTRAINT; Schema: public; Owner: ecuacion_wtpx_user
--

ALTER TABLE ONLY public.auth_user_groups
    ADD CONSTRAINT auth_user_groups_user_id_group_id_94350c0c_uniq UNIQUE (user_id, group_id);


--
-- TOC entry 3382 (class 2606 OID 16439)
-- Name: auth_user auth_user_pkey; Type: CONSTRAINT; Schema: public; Owner: ecuacion_wtpx_user
--

ALTER TABLE ONLY public.auth_user
    ADD CONSTRAINT auth_user_pkey PRIMARY KEY (id);


--
-- TOC entry 3394 (class 2606 OID 16453)
-- Name: auth_user_user_permissions auth_user_user_permissions_pkey; Type: CONSTRAINT; Schema: public; Owner: ecuacion_wtpx_user
--

ALTER TABLE ONLY public.auth_user_user_permissions
    ADD CONSTRAINT auth_user_user_permissions_pkey PRIMARY KEY (id);


--
-- TOC entry 3397 (class 2606 OID 16493)
-- Name: auth_user_user_permissions auth_user_user_permissions_user_id_permission_id_14a6b632_uniq; Type: CONSTRAINT; Schema: public; Owner: ecuacion_wtpx_user
--

ALTER TABLE ONLY public.auth_user_user_permissions
    ADD CONSTRAINT auth_user_user_permissions_user_id_permission_id_14a6b632_uniq UNIQUE (user_id, permission_id);


--
-- TOC entry 3385 (class 2606 OID 16528)
-- Name: auth_user auth_user_username_key; Type: CONSTRAINT; Schema: public; Owner: ecuacion_wtpx_user
--

ALTER TABLE ONLY public.auth_user
    ADD CONSTRAINT auth_user_username_key UNIQUE (username);


--
-- TOC entry 3400 (class 2606 OID 16514)
-- Name: django_admin_log django_admin_log_pkey; Type: CONSTRAINT; Schema: public; Owner: ecuacion_wtpx_user
--

ALTER TABLE ONLY public.django_admin_log
    ADD CONSTRAINT django_admin_log_pkey PRIMARY KEY (id);


--
-- TOC entry 3362 (class 2606 OID 16413)
-- Name: django_content_type django_content_type_app_label_model_76bd3d3b_uniq; Type: CONSTRAINT; Schema: public; Owner: ecuacion_wtpx_user
--

ALTER TABLE ONLY public.django_content_type
    ADD CONSTRAINT django_content_type_app_label_model_76bd3d3b_uniq UNIQUE (app_label, model);


--
-- TOC entry 3364 (class 2606 OID 16411)
-- Name: django_content_type django_content_type_pkey; Type: CONSTRAINT; Schema: public; Owner: ecuacion_wtpx_user
--

ALTER TABLE ONLY public.django_content_type
    ADD CONSTRAINT django_content_type_pkey PRIMARY KEY (id);


--
-- TOC entry 3360 (class 2606 OID 16405)
-- Name: django_migrations django_migrations_pkey; Type: CONSTRAINT; Schema: public; Owner: ecuacion_wtpx_user
--

ALTER TABLE ONLY public.django_migrations
    ADD CONSTRAINT django_migrations_pkey PRIMARY KEY (id);


--
-- TOC entry 3415 (class 2606 OID 16588)
-- Name: django_session django_session_pkey; Type: CONSTRAINT; Schema: public; Owner: ecuacion_wtpx_user
--

ALTER TABLE ONLY public.django_session
    ADD CONSTRAINT django_session_pkey PRIMARY KEY (session_key);


--
-- TOC entry 3403 (class 2606 OID 16540)
-- Name: otp_static_staticdevice otp_static_staticdevice_pkey; Type: CONSTRAINT; Schema: public; Owner: ecuacion_wtpx_user
--

ALTER TABLE ONLY public.otp_static_staticdevice
    ADD CONSTRAINT otp_static_staticdevice_pkey PRIMARY KEY (id);


--
-- TOC entry 3407 (class 2606 OID 16546)
-- Name: otp_static_statictoken otp_static_statictoken_pkey; Type: CONSTRAINT; Schema: public; Owner: ecuacion_wtpx_user
--

ALTER TABLE ONLY public.otp_static_statictoken
    ADD CONSTRAINT otp_static_statictoken_pkey PRIMARY KEY (id);


--
-- TOC entry 3411 (class 2606 OID 16572)
-- Name: otp_totp_totpdevice otp_totp_totpdevice_pkey; Type: CONSTRAINT; Schema: public; Owner: ecuacion_wtpx_user
--

ALTER TABLE ONLY public.otp_totp_totpdevice
    ADD CONSTRAINT otp_totp_totpdevice_pkey PRIMARY KEY (id);


--
-- TOC entry 3418 (class 2606 OID 16598)
-- Name: users_atacante users_atacante_pkey; Type: CONSTRAINT; Schema: public; Owner: ecuacion_wtpx_user
--

ALTER TABLE ONLY public.users_atacante
    ADD CONSTRAINT users_atacante_pkey PRIMARY KEY (id);


--
-- TOC entry 3492 (class 2606 OID 16875)
-- Name: users_auditoriaevento users_auditoriaevento_pkey; Type: CONSTRAINT; Schema: public; Owner: ecuacion_wtpx_user
--

ALTER TABLE ONLY public.users_auditoriaevento
    ADD CONSTRAINT users_auditoriaevento_pkey PRIMARY KEY (id);


--
-- TOC entry 3477 (class 2606 OID 16703)
-- Name: users_codigo2fa users_codigo2fa_pkey; Type: CONSTRAINT; Schema: public; Owner: ecuacion_wtpx_user
--

ALTER TABLE ONLY public.users_codigo2fa
    ADD CONSTRAINT users_codigo2fa_pkey PRIMARY KEY (id);


--
-- TOC entry 3475 (class 2606 OID 16697)
-- Name: users_equipoherramienta users_equipoherramienta_pkey; Type: CONSTRAINT; Schema: public; Owner: ecuacion_wtpx_user
--

ALTER TABLE ONLY public.users_equipoherramienta
    ADD CONSTRAINT users_equipoherramienta_pkey PRIMARY KEY (id);


--
-- TOC entry 3424 (class 2606 OID 16607)
-- Name: users_gastooperacion users_gastooperacion_pkey; Type: CONSTRAINT; Schema: public; Owner: ecuacion_wtpx_user
--

ALTER TABLE ONLY public.users_gastooperacion
    ADD CONSTRAINT users_gastooperacion_pkey PRIMARY KEY (id);


--
-- TOC entry 3470 (class 2606 OID 16671)
-- Name: users_gastosgenerales users_gastosgenerales_pkey; Type: CONSTRAINT; Schema: public; Owner: ecuacion_wtpx_user
--

ALTER TABLE ONLY public.users_gastosgenerales
    ADD CONSTRAINT users_gastosgenerales_pkey PRIMARY KEY (id);


--
-- TOC entry 3465 (class 2606 OID 16665)
-- Name: users_manodeobra users_manodeobra_pkey; Type: CONSTRAINT; Schema: public; Owner: ecuacion_wtpx_user
--

ALTER TABLE ONLY public.users_manodeobra
    ADD CONSTRAINT users_manodeobra_pkey PRIMARY KEY (id);


--
-- TOC entry 3460 (class 2606 OID 16659)
-- Name: users_materiales users_materiales_pkey; Type: CONSTRAINT; Schema: public; Owner: ecuacion_wtpx_user
--

ALTER TABLE ONLY public.users_materiales
    ADD CONSTRAINT users_materiales_pkey PRIMARY KEY (id);


--
-- TOC entry 3452 (class 2606 OID 16653)
-- Name: users_modulo users_modulo_pkey; Type: CONSTRAINT; Schema: public; Owner: ecuacion_wtpx_user
--

ALTER TABLE ONLY public.users_modulo
    ADD CONSTRAINT users_modulo_pkey PRIMARY KEY (id);


--
-- TOC entry 3455 (class 2606 OID 16738)
-- Name: users_modulo users_modulo_proyecto_id_codigo_b4dbc02e_uniq; Type: CONSTRAINT; Schema: public; Owner: ecuacion_wtpx_user
--

ALTER TABLE ONLY public.users_modulo
    ADD CONSTRAINT users_modulo_proyecto_id_codigo_b4dbc02e_uniq UNIQUE (proyecto_id, codigo);


--
-- TOC entry 3426 (class 2606 OID 16613)
-- Name: users_permiso users_permiso_pkey; Type: CONSTRAINT; Schema: public; Owner: ecuacion_wtpx_user
--

ALTER TABLE ONLY public.users_permiso
    ADD CONSTRAINT users_permiso_pkey PRIMARY KEY (id);


--
-- TOC entry 3444 (class 2606 OID 16647)
-- Name: users_proyecto users_proyecto_NombreProyecto_key; Type: CONSTRAINT; Schema: public; Owner: ecuacion_wtpx_user
--

ALTER TABLE ONLY public.users_proyecto
    ADD CONSTRAINT "users_proyecto_NombreProyecto_key" UNIQUE ("NombreProyecto");


--
-- TOC entry 3448 (class 2606 OID 16645)
-- Name: users_proyecto users_proyecto_pkey; Type: CONSTRAINT; Schema: public; Owner: ecuacion_wtpx_user
--

ALTER TABLE ONLY public.users_proyecto
    ADD CONSTRAINT users_proyecto_pkey PRIMARY KEY (id_general);


--
-- TOC entry 3428 (class 2606 OID 16619)
-- Name: users_rol users_rol_pkey; Type: CONSTRAINT; Schema: public; Owner: ecuacion_wtpx_user
--

ALTER TABLE ONLY public.users_rol
    ADD CONSTRAINT users_rol_pkey PRIMARY KEY (id);


--
-- TOC entry 3487 (class 2606 OID 16715)
-- Name: users_rolpermiso users_rolpermiso_pkey; Type: CONSTRAINT; Schema: public; Owner: ecuacion_wtpx_user
--

ALTER TABLE ONLY public.users_rolpermiso
    ADD CONSTRAINT users_rolpermiso_pkey PRIMARY KEY (id);


--
-- TOC entry 3490 (class 2606 OID 16854)
-- Name: users_rolpermiso users_rolpermiso_rol_id_permiso_id_fb816590_uniq; Type: CONSTRAINT; Schema: public; Owner: ecuacion_wtpx_user
--

ALTER TABLE ONLY public.users_rolpermiso
    ADD CONSTRAINT users_rolpermiso_rol_id_permiso_id_fb816590_uniq UNIQUE (rol_id, permiso_id);


--
-- TOC entry 3438 (class 2606 OID 16637)
-- Name: users_temppasswordreset users_temppasswordreset_pkey; Type: CONSTRAINT; Schema: public; Owner: ecuacion_wtpx_user
--

ALTER TABLE ONLY public.users_temppasswordreset
    ADD CONSTRAINT users_temppasswordreset_pkey PRIMARY KEY (id);


--
-- TOC entry 3440 (class 2606 OID 16639)
-- Name: users_temppasswordreset users_temppasswordreset_token_key; Type: CONSTRAINT; Schema: public; Owner: ecuacion_wtpx_user
--

ALTER TABLE ONLY public.users_temppasswordreset
    ADD CONSTRAINT users_temppasswordreset_token_key UNIQUE (token);


--
-- TOC entry 3431 (class 2606 OID 16631)
-- Name: users_usuario users_usuario_ci_key; Type: CONSTRAINT; Schema: public; Owner: ecuacion_wtpx_user
--

ALTER TABLE ONLY public.users_usuario
    ADD CONSTRAINT users_usuario_ci_key UNIQUE (ci);


--
-- TOC entry 3434 (class 2606 OID 16629)
-- Name: users_usuario users_usuario_correo_key; Type: CONSTRAINT; Schema: public; Owner: ecuacion_wtpx_user
--

ALTER TABLE ONLY public.users_usuario
    ADD CONSTRAINT users_usuario_correo_key UNIQUE (correo);


--
-- TOC entry 3436 (class 2606 OID 16627)
-- Name: users_usuario users_usuario_pkey; Type: CONSTRAINT; Schema: public; Owner: ecuacion_wtpx_user
--

ALTER TABLE ONLY public.users_usuario
    ADD CONSTRAINT users_usuario_pkey PRIMARY KEY (id);


--
-- TOC entry 3480 (class 2606 OID 16709)
-- Name: users_usuariorol users_usuariorol_pkey; Type: CONSTRAINT; Schema: public; Owner: ecuacion_wtpx_user
--

ALTER TABLE ONLY public.users_usuariorol
    ADD CONSTRAINT users_usuariorol_pkey PRIMARY KEY (id);


--
-- TOC entry 3484 (class 2606 OID 16840)
-- Name: users_usuariorol users_usuariorol_usuario_id_rol_id_49e0e5ad_uniq; Type: CONSTRAINT; Schema: public; Owner: ecuacion_wtpx_user
--

ALTER TABLE ONLY public.users_usuariorol
    ADD CONSTRAINT users_usuariorol_usuario_id_rol_id_49e0e5ad_uniq UNIQUE (usuario_id, rol_id);


--
-- TOC entry 3370 (class 1259 OID 16534)
-- Name: auth_group_name_a6ea08ec_like; Type: INDEX; Schema: public; Owner: ecuacion_wtpx_user
--

CREATE INDEX auth_group_name_a6ea08ec_like ON public.auth_group USING btree (name varchar_pattern_ops);


--
-- TOC entry 3375 (class 1259 OID 16475)
-- Name: auth_group_permissions_group_id_b120cbf9; Type: INDEX; Schema: public; Owner: ecuacion_wtpx_user
--

CREATE INDEX auth_group_permissions_group_id_b120cbf9 ON public.auth_group_permissions USING btree (group_id);


--
-- TOC entry 3378 (class 1259 OID 16476)
-- Name: auth_group_permissions_permission_id_84c5c92e; Type: INDEX; Schema: public; Owner: ecuacion_wtpx_user
--

CREATE INDEX auth_group_permissions_permission_id_84c5c92e ON public.auth_group_permissions USING btree (permission_id);


--
-- TOC entry 3365 (class 1259 OID 16461)
-- Name: auth_permission_content_type_id_2f476e4b; Type: INDEX; Schema: public; Owner: ecuacion_wtpx_user
--

CREATE INDEX auth_permission_content_type_id_2f476e4b ON public.auth_permission USING btree (content_type_id);


--
-- TOC entry 3386 (class 1259 OID 16491)
-- Name: auth_user_groups_group_id_97559544; Type: INDEX; Schema: public; Owner: ecuacion_wtpx_user
--

CREATE INDEX auth_user_groups_group_id_97559544 ON public.auth_user_groups USING btree (group_id);


--
-- TOC entry 3389 (class 1259 OID 16490)
-- Name: auth_user_groups_user_id_6a12ed8b; Type: INDEX; Schema: public; Owner: ecuacion_wtpx_user
--

CREATE INDEX auth_user_groups_user_id_6a12ed8b ON public.auth_user_groups USING btree (user_id);


--
-- TOC entry 3392 (class 1259 OID 16505)
-- Name: auth_user_user_permissions_permission_id_1fbb5f2c; Type: INDEX; Schema: public; Owner: ecuacion_wtpx_user
--

CREATE INDEX auth_user_user_permissions_permission_id_1fbb5f2c ON public.auth_user_user_permissions USING btree (permission_id);


--
-- TOC entry 3395 (class 1259 OID 16504)
-- Name: auth_user_user_permissions_user_id_a95ead1b; Type: INDEX; Schema: public; Owner: ecuacion_wtpx_user
--

CREATE INDEX auth_user_user_permissions_user_id_a95ead1b ON public.auth_user_user_permissions USING btree (user_id);


--
-- TOC entry 3383 (class 1259 OID 16529)
-- Name: auth_user_username_6821ab7c_like; Type: INDEX; Schema: public; Owner: ecuacion_wtpx_user
--

CREATE INDEX auth_user_username_6821ab7c_like ON public.auth_user USING btree (username varchar_pattern_ops);


--
-- TOC entry 3398 (class 1259 OID 16525)
-- Name: django_admin_log_content_type_id_c4bce8eb; Type: INDEX; Schema: public; Owner: ecuacion_wtpx_user
--

CREATE INDEX django_admin_log_content_type_id_c4bce8eb ON public.django_admin_log USING btree (content_type_id);


--
-- TOC entry 3401 (class 1259 OID 16526)
-- Name: django_admin_log_user_id_c564eba6; Type: INDEX; Schema: public; Owner: ecuacion_wtpx_user
--

CREATE INDEX django_admin_log_user_id_c564eba6 ON public.django_admin_log USING btree (user_id);


--
-- TOC entry 3413 (class 1259 OID 16590)
-- Name: django_session_expire_date_a5c62663; Type: INDEX; Schema: public; Owner: ecuacion_wtpx_user
--

CREATE INDEX django_session_expire_date_a5c62663 ON public.django_session USING btree (expire_date);


--
-- TOC entry 3416 (class 1259 OID 16589)
-- Name: django_session_session_key_c0390e0f_like; Type: INDEX; Schema: public; Owner: ecuacion_wtpx_user
--

CREATE INDEX django_session_session_key_c0390e0f_like ON public.django_session USING btree (session_key varchar_pattern_ops);


--
-- TOC entry 3404 (class 1259 OID 16552)
-- Name: otp_static_staticdevice_user_id_7f9cff2b; Type: INDEX; Schema: public; Owner: ecuacion_wtpx_user
--

CREATE INDEX otp_static_staticdevice_user_id_7f9cff2b ON public.otp_static_staticdevice USING btree (user_id);


--
-- TOC entry 3405 (class 1259 OID 16560)
-- Name: otp_static_statictoken_device_id_74b7c7d1; Type: INDEX; Schema: public; Owner: ecuacion_wtpx_user
--

CREATE INDEX otp_static_statictoken_device_id_74b7c7d1 ON public.otp_static_statictoken USING btree (device_id);


--
-- TOC entry 3408 (class 1259 OID 16558)
-- Name: otp_static_statictoken_token_d0a51866; Type: INDEX; Schema: public; Owner: ecuacion_wtpx_user
--

CREATE INDEX otp_static_statictoken_token_d0a51866 ON public.otp_static_statictoken USING btree (token);


--
-- TOC entry 3409 (class 1259 OID 16559)
-- Name: otp_static_statictoken_token_d0a51866_like; Type: INDEX; Schema: public; Owner: ecuacion_wtpx_user
--

CREATE INDEX otp_static_statictoken_token_d0a51866_like ON public.otp_static_statictoken USING btree (token varchar_pattern_ops);


--
-- TOC entry 3412 (class 1259 OID 16578)
-- Name: otp_totp_totpdevice_user_id_0fb18292; Type: INDEX; Schema: public; Owner: ecuacion_wtpx_user
--

CREATE INDEX otp_totp_totpdevice_user_id_0fb18292 ON public.otp_totp_totpdevice USING btree (user_id);


--
-- TOC entry 3478 (class 1259 OID 16838)
-- Name: users_codigo2fa_usuario_id_80b99c49; Type: INDEX; Schema: public; Owner: ecuacion_wtpx_user
--

CREATE INDEX users_codigo2fa_usuario_id_80b99c49 ON public.users_codigo2fa USING btree (usuario_id);


--
-- TOC entry 3471 (class 1259 OID 16830)
-- Name: users_equipoherramienta_creado_por_id_b7c2cd6c; Type: INDEX; Schema: public; Owner: ecuacion_wtpx_user
--

CREATE INDEX users_equipoherramienta_creado_por_id_b7c2cd6c ON public.users_equipoherramienta USING btree (creado_por_id);


--
-- TOC entry 3472 (class 1259 OID 16831)
-- Name: users_equipoherramienta_id_gasto_operacion_id_c3dc3b62; Type: INDEX; Schema: public; Owner: ecuacion_wtpx_user
--

CREATE INDEX users_equipoherramienta_id_gasto_operacion_id_c3dc3b62 ON public.users_equipoherramienta USING btree (id_gasto_operacion_id);


--
-- TOC entry 3473 (class 1259 OID 16832)
-- Name: users_equipoherramienta_modificado_por_id_8996ac1e; Type: INDEX; Schema: public; Owner: ecuacion_wtpx_user
--

CREATE INDEX users_equipoherramienta_modificado_por_id_8996ac1e ON public.users_equipoherramienta USING btree (modificado_por_id);


--
-- TOC entry 3419 (class 1259 OID 16811)
-- Name: users_gastooperacion_creado_por_id_dd3a1edb; Type: INDEX; Schema: public; Owner: ecuacion_wtpx_user
--

CREATE INDEX users_gastooperacion_creado_por_id_dd3a1edb ON public.users_gastooperacion USING btree (creado_por_id);


--
-- TOC entry 3420 (class 1259 OID 16812)
-- Name: users_gastooperacion_identificador_id_b5a2251f; Type: INDEX; Schema: public; Owner: ecuacion_wtpx_user
--

CREATE INDEX users_gastooperacion_identificador_id_b5a2251f ON public.users_gastooperacion USING btree (identificador_id);


--
-- TOC entry 3421 (class 1259 OID 16813)
-- Name: users_gastooperacion_modificado_por_id_7f5c3a30; Type: INDEX; Schema: public; Owner: ecuacion_wtpx_user
--

CREATE INDEX users_gastooperacion_modificado_por_id_7f5c3a30 ON public.users_gastooperacion USING btree (modificado_por_id);


--
-- TOC entry 3422 (class 1259 OID 16814)
-- Name: users_gastooperacion_modulo_id_77e739e0; Type: INDEX; Schema: public; Owner: ecuacion_wtpx_user
--

CREATE INDEX users_gastooperacion_modulo_id_77e739e0 ON public.users_gastooperacion USING btree (modulo_id);


--
-- TOC entry 3466 (class 1259 OID 16808)
-- Name: users_gastosgenerales_creado_por_id_64e84b03; Type: INDEX; Schema: public; Owner: ecuacion_wtpx_user
--

CREATE INDEX users_gastosgenerales_creado_por_id_64e84b03 ON public.users_gastosgenerales USING btree (creado_por_id);


--
-- TOC entry 3467 (class 1259 OID 16809)
-- Name: users_gastosgenerales_id_gasto_operacion_id_9c6e407a; Type: INDEX; Schema: public; Owner: ecuacion_wtpx_user
--

CREATE INDEX users_gastosgenerales_id_gasto_operacion_id_9c6e407a ON public.users_gastosgenerales USING btree (id_gasto_operacion_id);


--
-- TOC entry 3468 (class 1259 OID 16810)
-- Name: users_gastosgenerales_modificado_por_id_2536655b; Type: INDEX; Schema: public; Owner: ecuacion_wtpx_user
--

CREATE INDEX users_gastosgenerales_modificado_por_id_2536655b ON public.users_gastosgenerales USING btree (modificado_por_id);


--
-- TOC entry 3461 (class 1259 OID 16790)
-- Name: users_manodeobra_creado_por_id_6730fc21; Type: INDEX; Schema: public; Owner: ecuacion_wtpx_user
--

CREATE INDEX users_manodeobra_creado_por_id_6730fc21 ON public.users_manodeobra USING btree (creado_por_id);


--
-- TOC entry 3462 (class 1259 OID 16791)
-- Name: users_manodeobra_id_gasto_operacion_id_a3d61648; Type: INDEX; Schema: public; Owner: ecuacion_wtpx_user
--

CREATE INDEX users_manodeobra_id_gasto_operacion_id_a3d61648 ON public.users_manodeobra USING btree (id_gasto_operacion_id);


--
-- TOC entry 3463 (class 1259 OID 16792)
-- Name: users_manodeobra_modificado_por_id_546523d2; Type: INDEX; Schema: public; Owner: ecuacion_wtpx_user
--

CREATE INDEX users_manodeobra_modificado_por_id_546523d2 ON public.users_manodeobra USING btree (modificado_por_id);


--
-- TOC entry 3456 (class 1259 OID 16772)
-- Name: users_materiales_creado_por_id_5320661b; Type: INDEX; Schema: public; Owner: ecuacion_wtpx_user
--

CREATE INDEX users_materiales_creado_por_id_5320661b ON public.users_materiales USING btree (creado_por_id);


--
-- TOC entry 3457 (class 1259 OID 16773)
-- Name: users_materiales_id_gasto_operacion_id_6d554567; Type: INDEX; Schema: public; Owner: ecuacion_wtpx_user
--

CREATE INDEX users_materiales_id_gasto_operacion_id_6d554567 ON public.users_materiales USING btree (id_gasto_operacion_id);


--
-- TOC entry 3458 (class 1259 OID 16774)
-- Name: users_materiales_modificado_por_id_8086aa82; Type: INDEX; Schema: public; Owner: ecuacion_wtpx_user
--

CREATE INDEX users_materiales_modificado_por_id_8086aa82 ON public.users_materiales USING btree (modificado_por_id);


--
-- TOC entry 3449 (class 1259 OID 16754)
-- Name: users_modulo_creado_por_id_a150d034; Type: INDEX; Schema: public; Owner: ecuacion_wtpx_user
--

CREATE INDEX users_modulo_creado_por_id_a150d034 ON public.users_modulo USING btree (creado_por_id);


--
-- TOC entry 3450 (class 1259 OID 16755)
-- Name: users_modulo_modificado_por_id_eb72bc51; Type: INDEX; Schema: public; Owner: ecuacion_wtpx_user
--

CREATE INDEX users_modulo_modificado_por_id_eb72bc51 ON public.users_modulo USING btree (modificado_por_id);


--
-- TOC entry 3453 (class 1259 OID 16756)
-- Name: users_modulo_proyecto_id_058371fd; Type: INDEX; Schema: public; Owner: ecuacion_wtpx_user
--

CREATE INDEX users_modulo_proyecto_id_058371fd ON public.users_modulo USING btree (proyecto_id);


--
-- TOC entry 3442 (class 1259 OID 16734)
-- Name: users_proyecto_NombreProyecto_36ad5a60_like; Type: INDEX; Schema: public; Owner: ecuacion_wtpx_user
--

CREATE INDEX "users_proyecto_NombreProyecto_36ad5a60_like" ON public.users_proyecto USING btree ("NombreProyecto" varchar_pattern_ops);


--
-- TOC entry 3445 (class 1259 OID 16735)
-- Name: users_proyecto_creado_por_id_cf821194; Type: INDEX; Schema: public; Owner: ecuacion_wtpx_user
--

CREATE INDEX users_proyecto_creado_por_id_cf821194 ON public.users_proyecto USING btree (creado_por_id);


--
-- TOC entry 3446 (class 1259 OID 16736)
-- Name: users_proyecto_modificado_por_id_20e62a3e; Type: INDEX; Schema: public; Owner: ecuacion_wtpx_user
--

CREATE INDEX users_proyecto_modificado_por_id_20e62a3e ON public.users_proyecto USING btree (modificado_por_id);


--
-- TOC entry 3485 (class 1259 OID 16865)
-- Name: users_rolpermiso_permiso_id_75522150; Type: INDEX; Schema: public; Owner: ecuacion_wtpx_user
--

CREATE INDEX users_rolpermiso_permiso_id_75522150 ON public.users_rolpermiso USING btree (permiso_id);


--
-- TOC entry 3488 (class 1259 OID 16866)
-- Name: users_rolpermiso_rol_id_0abe7f76; Type: INDEX; Schema: public; Owner: ecuacion_wtpx_user
--

CREATE INDEX users_rolpermiso_rol_id_0abe7f76 ON public.users_rolpermiso USING btree (rol_id);


--
-- TOC entry 3441 (class 1259 OID 16723)
-- Name: users_temppasswordreset_usuario_id_30110be2; Type: INDEX; Schema: public; Owner: ecuacion_wtpx_user
--

CREATE INDEX users_temppasswordreset_usuario_id_30110be2 ON public.users_temppasswordreset USING btree (usuario_id);


--
-- TOC entry 3429 (class 1259 OID 16717)
-- Name: users_usuario_ci_640c1cbd_like; Type: INDEX; Schema: public; Owner: ecuacion_wtpx_user
--

CREATE INDEX users_usuario_ci_640c1cbd_like ON public.users_usuario USING btree (ci varchar_pattern_ops);


--
-- TOC entry 3432 (class 1259 OID 16716)
-- Name: users_usuario_correo_6774d8f3_like; Type: INDEX; Schema: public; Owner: ecuacion_wtpx_user
--

CREATE INDEX users_usuario_correo_6774d8f3_like ON public.users_usuario USING btree (correo varchar_pattern_ops);


--
-- TOC entry 3481 (class 1259 OID 16851)
-- Name: users_usuariorol_rol_id_c7570d7e; Type: INDEX; Schema: public; Owner: ecuacion_wtpx_user
--

CREATE INDEX users_usuariorol_rol_id_c7570d7e ON public.users_usuariorol USING btree (rol_id);


--
-- TOC entry 3482 (class 1259 OID 16852)
-- Name: users_usuariorol_usuario_id_bc8607dd; Type: INDEX; Schema: public; Owner: ecuacion_wtpx_user
--

CREATE INDEX users_usuariorol_usuario_id_bc8607dd ON public.users_usuariorol USING btree (usuario_id);


--
-- TOC entry 3494 (class 2606 OID 16470)
-- Name: auth_group_permissions auth_group_permissio_permission_id_84c5c92e_fk_auth_perm; Type: FK CONSTRAINT; Schema: public; Owner: ecuacion_wtpx_user
--

ALTER TABLE ONLY public.auth_group_permissions
    ADD CONSTRAINT auth_group_permissio_permission_id_84c5c92e_fk_auth_perm FOREIGN KEY (permission_id) REFERENCES public.auth_permission(id) DEFERRABLE INITIALLY DEFERRED;


--
-- TOC entry 3495 (class 2606 OID 16465)
-- Name: auth_group_permissions auth_group_permissions_group_id_b120cbf9_fk_auth_group_id; Type: FK CONSTRAINT; Schema: public; Owner: ecuacion_wtpx_user
--

ALTER TABLE ONLY public.auth_group_permissions
    ADD CONSTRAINT auth_group_permissions_group_id_b120cbf9_fk_auth_group_id FOREIGN KEY (group_id) REFERENCES public.auth_group(id) DEFERRABLE INITIALLY DEFERRED;


--
-- TOC entry 3493 (class 2606 OID 16456)
-- Name: auth_permission auth_permission_content_type_id_2f476e4b_fk_django_co; Type: FK CONSTRAINT; Schema: public; Owner: ecuacion_wtpx_user
--

ALTER TABLE ONLY public.auth_permission
    ADD CONSTRAINT auth_permission_content_type_id_2f476e4b_fk_django_co FOREIGN KEY (content_type_id) REFERENCES public.django_content_type(id) DEFERRABLE INITIALLY DEFERRED;


--
-- TOC entry 3496 (class 2606 OID 16485)
-- Name: auth_user_groups auth_user_groups_group_id_97559544_fk_auth_group_id; Type: FK CONSTRAINT; Schema: public; Owner: ecuacion_wtpx_user
--

ALTER TABLE ONLY public.auth_user_groups
    ADD CONSTRAINT auth_user_groups_group_id_97559544_fk_auth_group_id FOREIGN KEY (group_id) REFERENCES public.auth_group(id) DEFERRABLE INITIALLY DEFERRED;


--
-- TOC entry 3497 (class 2606 OID 16480)
-- Name: auth_user_groups auth_user_groups_user_id_6a12ed8b_fk_auth_user_id; Type: FK CONSTRAINT; Schema: public; Owner: ecuacion_wtpx_user
--

ALTER TABLE ONLY public.auth_user_groups
    ADD CONSTRAINT auth_user_groups_user_id_6a12ed8b_fk_auth_user_id FOREIGN KEY (user_id) REFERENCES public.auth_user(id) DEFERRABLE INITIALLY DEFERRED;


--
-- TOC entry 3498 (class 2606 OID 16499)
-- Name: auth_user_user_permissions auth_user_user_permi_permission_id_1fbb5f2c_fk_auth_perm; Type: FK CONSTRAINT; Schema: public; Owner: ecuacion_wtpx_user
--

ALTER TABLE ONLY public.auth_user_user_permissions
    ADD CONSTRAINT auth_user_user_permi_permission_id_1fbb5f2c_fk_auth_perm FOREIGN KEY (permission_id) REFERENCES public.auth_permission(id) DEFERRABLE INITIALLY DEFERRED;


--
-- TOC entry 3499 (class 2606 OID 16494)
-- Name: auth_user_user_permissions auth_user_user_permissions_user_id_a95ead1b_fk_auth_user_id; Type: FK CONSTRAINT; Schema: public; Owner: ecuacion_wtpx_user
--

ALTER TABLE ONLY public.auth_user_user_permissions
    ADD CONSTRAINT auth_user_user_permissions_user_id_a95ead1b_fk_auth_user_id FOREIGN KEY (user_id) REFERENCES public.auth_user(id) DEFERRABLE INITIALLY DEFERRED;


--
-- TOC entry 3500 (class 2606 OID 16515)
-- Name: django_admin_log django_admin_log_content_type_id_c4bce8eb_fk_django_co; Type: FK CONSTRAINT; Schema: public; Owner: ecuacion_wtpx_user
--

ALTER TABLE ONLY public.django_admin_log
    ADD CONSTRAINT django_admin_log_content_type_id_c4bce8eb_fk_django_co FOREIGN KEY (content_type_id) REFERENCES public.django_content_type(id) DEFERRABLE INITIALLY DEFERRED;


--
-- TOC entry 3501 (class 2606 OID 16520)
-- Name: django_admin_log django_admin_log_user_id_c564eba6_fk_auth_user_id; Type: FK CONSTRAINT; Schema: public; Owner: ecuacion_wtpx_user
--

ALTER TABLE ONLY public.django_admin_log
    ADD CONSTRAINT django_admin_log_user_id_c564eba6_fk_auth_user_id FOREIGN KEY (user_id) REFERENCES public.auth_user(id) DEFERRABLE INITIALLY DEFERRED;


--
-- TOC entry 3502 (class 2606 OID 16547)
-- Name: otp_static_staticdevice otp_static_staticdevice_user_id_7f9cff2b_fk_auth_user_id; Type: FK CONSTRAINT; Schema: public; Owner: ecuacion_wtpx_user
--

ALTER TABLE ONLY public.otp_static_staticdevice
    ADD CONSTRAINT otp_static_staticdevice_user_id_7f9cff2b_fk_auth_user_id FOREIGN KEY (user_id) REFERENCES public.auth_user(id) DEFERRABLE INITIALLY DEFERRED;


--
-- TOC entry 3503 (class 2606 OID 16553)
-- Name: otp_static_statictoken otp_static_statictok_device_id_74b7c7d1_fk_otp_stati; Type: FK CONSTRAINT; Schema: public; Owner: ecuacion_wtpx_user
--

ALTER TABLE ONLY public.otp_static_statictoken
    ADD CONSTRAINT otp_static_statictok_device_id_74b7c7d1_fk_otp_stati FOREIGN KEY (device_id) REFERENCES public.otp_static_staticdevice(id) DEFERRABLE INITIALLY DEFERRED;


--
-- TOC entry 3504 (class 2606 OID 16573)
-- Name: otp_totp_totpdevice otp_totp_totpdevice_user_id_0fb18292_fk_auth_user_id; Type: FK CONSTRAINT; Schema: public; Owner: ecuacion_wtpx_user
--

ALTER TABLE ONLY public.otp_totp_totpdevice
    ADD CONSTRAINT otp_totp_totpdevice_user_id_0fb18292_fk_auth_user_id FOREIGN KEY (user_id) REFERENCES public.auth_user(id) DEFERRABLE INITIALLY DEFERRED;


--
-- TOC entry 3527 (class 2606 OID 16833)
-- Name: users_codigo2fa users_codigo2fa_usuario_id_80b99c49_fk_users_usuario_id; Type: FK CONSTRAINT; Schema: public; Owner: ecuacion_wtpx_user
--

ALTER TABLE ONLY public.users_codigo2fa
    ADD CONSTRAINT users_codigo2fa_usuario_id_80b99c49_fk_users_usuario_id FOREIGN KEY (usuario_id) REFERENCES public.users_usuario(id) DEFERRABLE INITIALLY DEFERRED;


--
-- TOC entry 3524 (class 2606 OID 16815)
-- Name: users_equipoherramienta users_equipoherramie_creado_por_id_b7c2cd6c_fk_users_usu; Type: FK CONSTRAINT; Schema: public; Owner: ecuacion_wtpx_user
--

ALTER TABLE ONLY public.users_equipoherramienta
    ADD CONSTRAINT users_equipoherramie_creado_por_id_b7c2cd6c_fk_users_usu FOREIGN KEY (creado_por_id) REFERENCES public.users_usuario(id) DEFERRABLE INITIALLY DEFERRED;


--
-- TOC entry 3525 (class 2606 OID 16820)
-- Name: users_equipoherramienta users_equipoherramie_id_gasto_operacion_i_c3dc3b62_fk_users_gas; Type: FK CONSTRAINT; Schema: public; Owner: ecuacion_wtpx_user
--

ALTER TABLE ONLY public.users_equipoherramienta
    ADD CONSTRAINT users_equipoherramie_id_gasto_operacion_i_c3dc3b62_fk_users_gas FOREIGN KEY (id_gasto_operacion_id) REFERENCES public.users_gastooperacion(id) DEFERRABLE INITIALLY DEFERRED;


--
-- TOC entry 3526 (class 2606 OID 16825)
-- Name: users_equipoherramienta users_equipoherramie_modificado_por_id_8996ac1e_fk_users_usu; Type: FK CONSTRAINT; Schema: public; Owner: ecuacion_wtpx_user
--

ALTER TABLE ONLY public.users_equipoherramienta
    ADD CONSTRAINT users_equipoherramie_modificado_por_id_8996ac1e_fk_users_usu FOREIGN KEY (modificado_por_id) REFERENCES public.users_usuario(id) DEFERRABLE INITIALLY DEFERRED;


--
-- TOC entry 3505 (class 2606 OID 16672)
-- Name: users_gastooperacion users_gastooperacion_creado_por_id_dd3a1edb_fk_users_usuario_id; Type: FK CONSTRAINT; Schema: public; Owner: ecuacion_wtpx_user
--

ALTER TABLE ONLY public.users_gastooperacion
    ADD CONSTRAINT users_gastooperacion_creado_por_id_dd3a1edb_fk_users_usuario_id FOREIGN KEY (creado_por_id) REFERENCES public.users_usuario(id) DEFERRABLE INITIALLY DEFERRED;


--
-- TOC entry 3506 (class 2606 OID 16677)
-- Name: users_gastooperacion users_gastooperacion_identificador_id_b5a2251f_fk_users_pro; Type: FK CONSTRAINT; Schema: public; Owner: ecuacion_wtpx_user
--

ALTER TABLE ONLY public.users_gastooperacion
    ADD CONSTRAINT users_gastooperacion_identificador_id_b5a2251f_fk_users_pro FOREIGN KEY (identificador_id) REFERENCES public.users_proyecto(id_general) DEFERRABLE INITIALLY DEFERRED;


--
-- TOC entry 3507 (class 2606 OID 16682)
-- Name: users_gastooperacion users_gastooperacion_modificado_por_id_7f5c3a30_fk_users_usu; Type: FK CONSTRAINT; Schema: public; Owner: ecuacion_wtpx_user
--

ALTER TABLE ONLY public.users_gastooperacion
    ADD CONSTRAINT users_gastooperacion_modificado_por_id_7f5c3a30_fk_users_usu FOREIGN KEY (modificado_por_id) REFERENCES public.users_usuario(id) DEFERRABLE INITIALLY DEFERRED;


--
-- TOC entry 3508 (class 2606 OID 16687)
-- Name: users_gastooperacion users_gastooperacion_modulo_id_77e739e0_fk_users_modulo_id; Type: FK CONSTRAINT; Schema: public; Owner: ecuacion_wtpx_user
--

ALTER TABLE ONLY public.users_gastooperacion
    ADD CONSTRAINT users_gastooperacion_modulo_id_77e739e0_fk_users_modulo_id FOREIGN KEY (modulo_id) REFERENCES public.users_modulo(id) DEFERRABLE INITIALLY DEFERRED;


--
-- TOC entry 3521 (class 2606 OID 16793)
-- Name: users_gastosgenerales users_gastosgenerale_creado_por_id_64e84b03_fk_users_usu; Type: FK CONSTRAINT; Schema: public; Owner: ecuacion_wtpx_user
--

ALTER TABLE ONLY public.users_gastosgenerales
    ADD CONSTRAINT users_gastosgenerale_creado_por_id_64e84b03_fk_users_usu FOREIGN KEY (creado_por_id) REFERENCES public.users_usuario(id) DEFERRABLE INITIALLY DEFERRED;


--
-- TOC entry 3522 (class 2606 OID 16798)
-- Name: users_gastosgenerales users_gastosgenerale_id_gasto_operacion_i_9c6e407a_fk_users_gas; Type: FK CONSTRAINT; Schema: public; Owner: ecuacion_wtpx_user
--

ALTER TABLE ONLY public.users_gastosgenerales
    ADD CONSTRAINT users_gastosgenerale_id_gasto_operacion_i_9c6e407a_fk_users_gas FOREIGN KEY (id_gasto_operacion_id) REFERENCES public.users_gastooperacion(id) DEFERRABLE INITIALLY DEFERRED;


--
-- TOC entry 3523 (class 2606 OID 16803)
-- Name: users_gastosgenerales users_gastosgenerale_modificado_por_id_2536655b_fk_users_usu; Type: FK CONSTRAINT; Schema: public; Owner: ecuacion_wtpx_user
--

ALTER TABLE ONLY public.users_gastosgenerales
    ADD CONSTRAINT users_gastosgenerale_modificado_por_id_2536655b_fk_users_usu FOREIGN KEY (modificado_por_id) REFERENCES public.users_usuario(id) DEFERRABLE INITIALLY DEFERRED;


--
-- TOC entry 3518 (class 2606 OID 16775)
-- Name: users_manodeobra users_manodeobra_creado_por_id_6730fc21_fk_users_usuario_id; Type: FK CONSTRAINT; Schema: public; Owner: ecuacion_wtpx_user
--

ALTER TABLE ONLY public.users_manodeobra
    ADD CONSTRAINT users_manodeobra_creado_por_id_6730fc21_fk_users_usuario_id FOREIGN KEY (creado_por_id) REFERENCES public.users_usuario(id) DEFERRABLE INITIALLY DEFERRED;


--
-- TOC entry 3519 (class 2606 OID 16780)
-- Name: users_manodeobra users_manodeobra_id_gasto_operacion_i_a3d61648_fk_users_gas; Type: FK CONSTRAINT; Schema: public; Owner: ecuacion_wtpx_user
--

ALTER TABLE ONLY public.users_manodeobra
    ADD CONSTRAINT users_manodeobra_id_gasto_operacion_i_a3d61648_fk_users_gas FOREIGN KEY (id_gasto_operacion_id) REFERENCES public.users_gastooperacion(id) DEFERRABLE INITIALLY DEFERRED;


--
-- TOC entry 3520 (class 2606 OID 16785)
-- Name: users_manodeobra users_manodeobra_modificado_por_id_546523d2_fk_users_usuario_id; Type: FK CONSTRAINT; Schema: public; Owner: ecuacion_wtpx_user
--

ALTER TABLE ONLY public.users_manodeobra
    ADD CONSTRAINT users_manodeobra_modificado_por_id_546523d2_fk_users_usuario_id FOREIGN KEY (modificado_por_id) REFERENCES public.users_usuario(id) DEFERRABLE INITIALLY DEFERRED;


--
-- TOC entry 3515 (class 2606 OID 16757)
-- Name: users_materiales users_materiales_creado_por_id_5320661b_fk_users_usuario_id; Type: FK CONSTRAINT; Schema: public; Owner: ecuacion_wtpx_user
--

ALTER TABLE ONLY public.users_materiales
    ADD CONSTRAINT users_materiales_creado_por_id_5320661b_fk_users_usuario_id FOREIGN KEY (creado_por_id) REFERENCES public.users_usuario(id) DEFERRABLE INITIALLY DEFERRED;


--
-- TOC entry 3516 (class 2606 OID 16762)
-- Name: users_materiales users_materiales_id_gasto_operacion_i_6d554567_fk_users_gas; Type: FK CONSTRAINT; Schema: public; Owner: ecuacion_wtpx_user
--

ALTER TABLE ONLY public.users_materiales
    ADD CONSTRAINT users_materiales_id_gasto_operacion_i_6d554567_fk_users_gas FOREIGN KEY (id_gasto_operacion_id) REFERENCES public.users_gastooperacion(id) DEFERRABLE INITIALLY DEFERRED;


--
-- TOC entry 3517 (class 2606 OID 16767)
-- Name: users_materiales users_materiales_modificado_por_id_8086aa82_fk_users_usuario_id; Type: FK CONSTRAINT; Schema: public; Owner: ecuacion_wtpx_user
--

ALTER TABLE ONLY public.users_materiales
    ADD CONSTRAINT users_materiales_modificado_por_id_8086aa82_fk_users_usuario_id FOREIGN KEY (modificado_por_id) REFERENCES public.users_usuario(id) DEFERRABLE INITIALLY DEFERRED;


--
-- TOC entry 3512 (class 2606 OID 16739)
-- Name: users_modulo users_modulo_creado_por_id_a150d034_fk_users_usuario_id; Type: FK CONSTRAINT; Schema: public; Owner: ecuacion_wtpx_user
--

ALTER TABLE ONLY public.users_modulo
    ADD CONSTRAINT users_modulo_creado_por_id_a150d034_fk_users_usuario_id FOREIGN KEY (creado_por_id) REFERENCES public.users_usuario(id) DEFERRABLE INITIALLY DEFERRED;


--
-- TOC entry 3513 (class 2606 OID 16744)
-- Name: users_modulo users_modulo_modificado_por_id_eb72bc51_fk_users_usuario_id; Type: FK CONSTRAINT; Schema: public; Owner: ecuacion_wtpx_user
--

ALTER TABLE ONLY public.users_modulo
    ADD CONSTRAINT users_modulo_modificado_por_id_eb72bc51_fk_users_usuario_id FOREIGN KEY (modificado_por_id) REFERENCES public.users_usuario(id) DEFERRABLE INITIALLY DEFERRED;


--
-- TOC entry 3514 (class 2606 OID 16749)
-- Name: users_modulo users_modulo_proyecto_id_058371fd_fk_users_proyecto_id_general; Type: FK CONSTRAINT; Schema: public; Owner: ecuacion_wtpx_user
--

ALTER TABLE ONLY public.users_modulo
    ADD CONSTRAINT users_modulo_proyecto_id_058371fd_fk_users_proyecto_id_general FOREIGN KEY (proyecto_id) REFERENCES public.users_proyecto(id_general) DEFERRABLE INITIALLY DEFERRED;


--
-- TOC entry 3510 (class 2606 OID 16724)
-- Name: users_proyecto users_proyecto_creado_por_id_cf821194_fk_users_usuario_id; Type: FK CONSTRAINT; Schema: public; Owner: ecuacion_wtpx_user
--

ALTER TABLE ONLY public.users_proyecto
    ADD CONSTRAINT users_proyecto_creado_por_id_cf821194_fk_users_usuario_id FOREIGN KEY (creado_por_id) REFERENCES public.users_usuario(id) DEFERRABLE INITIALLY DEFERRED;


--
-- TOC entry 3511 (class 2606 OID 16729)
-- Name: users_proyecto users_proyecto_modificado_por_id_20e62a3e_fk_users_usuario_id; Type: FK CONSTRAINT; Schema: public; Owner: ecuacion_wtpx_user
--

ALTER TABLE ONLY public.users_proyecto
    ADD CONSTRAINT users_proyecto_modificado_por_id_20e62a3e_fk_users_usuario_id FOREIGN KEY (modificado_por_id) REFERENCES public.users_usuario(id) DEFERRABLE INITIALLY DEFERRED;


--
-- TOC entry 3530 (class 2606 OID 16855)
-- Name: users_rolpermiso users_rolpermiso_permiso_id_75522150_fk_users_permiso_id; Type: FK CONSTRAINT; Schema: public; Owner: ecuacion_wtpx_user
--

ALTER TABLE ONLY public.users_rolpermiso
    ADD CONSTRAINT users_rolpermiso_permiso_id_75522150_fk_users_permiso_id FOREIGN KEY (permiso_id) REFERENCES public.users_permiso(id) DEFERRABLE INITIALLY DEFERRED;


--
-- TOC entry 3531 (class 2606 OID 16860)
-- Name: users_rolpermiso users_rolpermiso_rol_id_0abe7f76_fk_users_rol_id; Type: FK CONSTRAINT; Schema: public; Owner: ecuacion_wtpx_user
--

ALTER TABLE ONLY public.users_rolpermiso
    ADD CONSTRAINT users_rolpermiso_rol_id_0abe7f76_fk_users_rol_id FOREIGN KEY (rol_id) REFERENCES public.users_rol(id) DEFERRABLE INITIALLY DEFERRED;


--
-- TOC entry 3509 (class 2606 OID 16718)
-- Name: users_temppasswordreset users_temppasswordreset_usuario_id_30110be2_fk_users_usuario_id; Type: FK CONSTRAINT; Schema: public; Owner: ecuacion_wtpx_user
--

ALTER TABLE ONLY public.users_temppasswordreset
    ADD CONSTRAINT users_temppasswordreset_usuario_id_30110be2_fk_users_usuario_id FOREIGN KEY (usuario_id) REFERENCES public.users_usuario(id) DEFERRABLE INITIALLY DEFERRED;


--
-- TOC entry 3528 (class 2606 OID 16841)
-- Name: users_usuariorol users_usuariorol_rol_id_c7570d7e_fk_users_rol_id; Type: FK CONSTRAINT; Schema: public; Owner: ecuacion_wtpx_user
--

ALTER TABLE ONLY public.users_usuariorol
    ADD CONSTRAINT users_usuariorol_rol_id_c7570d7e_fk_users_rol_id FOREIGN KEY (rol_id) REFERENCES public.users_rol(id) DEFERRABLE INITIALLY DEFERRED;


--
-- TOC entry 3529 (class 2606 OID 16846)
-- Name: users_usuariorol users_usuariorol_usuario_id_bc8607dd_fk_users_usuario_id; Type: FK CONSTRAINT; Schema: public; Owner: ecuacion_wtpx_user
--

ALTER TABLE ONLY public.users_usuariorol
    ADD CONSTRAINT users_usuariorol_usuario_id_bc8607dd_fk_users_usuario_id FOREIGN KEY (usuario_id) REFERENCES public.users_usuario(id) DEFERRABLE INITIALLY DEFERRED;


--
-- TOC entry 2184 (class 826 OID 16391)
-- Name: DEFAULT PRIVILEGES FOR SEQUENCES; Type: DEFAULT ACL; Schema: -; Owner: postgres
--

ALTER DEFAULT PRIVILEGES FOR ROLE postgres GRANT ALL ON SEQUENCES TO ecuacion_wtpx_user;


--
-- TOC entry 2186 (class 826 OID 16393)
-- Name: DEFAULT PRIVILEGES FOR TYPES; Type: DEFAULT ACL; Schema: -; Owner: postgres
--

ALTER DEFAULT PRIVILEGES FOR ROLE postgres GRANT ALL ON TYPES TO ecuacion_wtpx_user;


--
-- TOC entry 2185 (class 826 OID 16392)
-- Name: DEFAULT PRIVILEGES FOR FUNCTIONS; Type: DEFAULT ACL; Schema: -; Owner: postgres
--

ALTER DEFAULT PRIVILEGES FOR ROLE postgres GRANT ALL ON FUNCTIONS TO ecuacion_wtpx_user;


--
-- TOC entry 2183 (class 826 OID 16390)
-- Name: DEFAULT PRIVILEGES FOR TABLES; Type: DEFAULT ACL; Schema: -; Owner: postgres
--

ALTER DEFAULT PRIVILEGES FOR ROLE postgres GRANT ALL ON TABLES TO ecuacion_wtpx_user;


-- Completed on 2025-10-14 12:59:44

--
-- PostgreSQL database dump complete
--

\unrestrict nHLw4w3TjEY6osC7lNbquBXCDHG5Zl8U7cMAIJ4njnQtiEAz1XXr86L8aqnJs1O

